periodo,seccion,indicador,entidad,valor
2026-03,SOLVENCIA,Ratio de Capital Global (al 28/02/2026),B. BBVA Perú,16.17554181338969
2026-03,SOLVENCIA,Ratio de Capital Global (al 28/02/2026),BANCOM,13.48262144779545
2026-03,SOLVENCIA,Ratio de Capital Global (al 28/02/2026),B. De Crédito del Perú (con sucursales en el exterior),19.814034888575097
2026-03,SOLVENCIA,Ratio de Capital Global (al 28/02/2026),B. Pichincha,14.802181937514892
2026-03,SOLVENCIA,Ratio de Capital Global (al 28/02/2026),B. Interamericano de Finanzas,16.43212849357136
2026-03,SOLVENCIA,Ratio de Capital Global (al 28/02/2026),Scotiabank Perú,18.716321866129444
2026-03,SOLVENCIA,Ratio de Capital Global (al 28/02/2026),Citibank,28.511336072461884
2026-03,SOLVENCIA,Ratio de Capital Global (al 28/02/2026),Interbank,16.349483667461435
2026-03,SOLVENCIA,Ratio de Capital Global (al 28/02/2026),Mibanco,22.532937133518587
2026-03,SOLVENCIA,Ratio de Capital Global (al 28/02/2026),B. GNB,13.29920830059558
2026-03,SOLVENCIA,Ratio de Capital Global (al 28/02/2026),B. Falabella Perú,26.143786331688368
2026-03,SOLVENCIA,Ratio de Capital Global (al 28/02/2026),B. Santander Perú,17.964508271253294
2026-03,SOLVENCIA,Ratio de Capital Global (al 28/02/2026),B. Ripley,20.982148752935007
2026-03,SOLVENCIA,Ratio de Capital Global (al 28/02/2026),Alfin Banco,14.188396984062498
2026-03,SOLVENCIA,Ratio de Capital Global (al 28/02/2026),B. ICBC,40.99826927957716
2026-03,SOLVENCIA,Ratio de Capital Global (al 28/02/2026),Bank of China,50.45133768925352
2026-03,SOLVENCIA,Ratio de Capital Global (al 28/02/2026),B. BCI Perú,29.47058908797771
2026-03,SOLVENCIA,Ratio de Capital Global (al 28/02/2026),Compartamos Banco,23.462313707335902
2026-03,SOLVENCIA,Ratio de Capital Global (al 28/02/2026),Santander Consumer Bank,23.376219479824357
2026-03,SOLVENCIA,Pasivo Total / Capital Social y Reservas ( N° de veces ),B. BBVA Perú,7.7700000000000005
2026-03,SOLVENCIA,Pasivo Total / Capital Social y Reservas ( N° de veces ),BANCOM,4.13
2026-03,SOLVENCIA,Pasivo Total / Capital Social y Reservas ( N° de veces ),B. De Crédito del Perú (con sucursales en el exterior),9.98
2026-03,SOLVENCIA,Pasivo Total / Capital Social y Reservas ( N° de veces ),B. Pichincha,6.390000000000001
2026-03,SOLVENCIA,Pasivo Total / Capital Social y Reservas ( N° de veces ),B. Interamericano de Finanzas,12.17
2026-03,SOLVENCIA,Pasivo Total / Capital Social y Reservas ( N° de veces ),Scotiabank Perú,6.24
2026-03,SOLVENCIA,Pasivo Total / Capital Social y Reservas ( N° de veces ),Citibank,10.92
2026-03,SOLVENCIA,Pasivo Total / Capital Social y Reservas ( N° de veces ),Interbank,8.45
2026-03,SOLVENCIA,Pasivo Total / Capital Social y Reservas ( N° de veces ),Mibanco,7.24
2026-03,SOLVENCIA,Pasivo Total / Capital Social y Reservas ( N° de veces ),B. GNB,6.05
2026-03,SOLVENCIA,Pasivo Total / Capital Social y Reservas ( N° de veces ),B. Falabella Perú,4.2
2026-03,SOLVENCIA,Pasivo Total / Capital Social y Reservas ( N° de veces ),B. Santander Perú,6.9
2026-03,SOLVENCIA,Pasivo Total / Capital Social y Reservas ( N° de veces ),B. Ripley,3.7
2026-03,SOLVENCIA,Pasivo Total / Capital Social y Reservas ( N° de veces ),Alfin Banco,0.65
2026-03,SOLVENCIA,Pasivo Total / Capital Social y Reservas ( N° de veces ),B. ICBC,3.7
2026-03,SOLVENCIA,Pasivo Total / Capital Social y Reservas ( N° de veces ),Bank of China,6.66
2026-03,SOLVENCIA,Pasivo Total / Capital Social y Reservas ( N° de veces ),B. BCI Perú,4.9
2026-03,SOLVENCIA,Pasivo Total / Capital Social y Reservas ( N° de veces ),Compartamos Banco,4.64
2026-03,SOLVENCIA,Pasivo Total / Capital Social y Reservas ( N° de veces ),Santander Consumer Bank,2.98
2026-03,CALIDAD DE ACTIVOS,Créditos Atrasados (criterio SBS)* / Créditos Directos,B. BBVA Perú,2.93
2026-03,CALIDAD DE ACTIVOS,Créditos Atrasados (criterio SBS)* / Créditos Directos,BANCOM,3.97
2026-03,CALIDAD DE ACTIVOS,Créditos Atrasados (criterio SBS)* / Créditos Directos,B. De Crédito del Perú (con sucursales en el exterior),2.82
2026-03,CALIDAD DE ACTIVOS,Créditos Atrasados (criterio SBS)* / Créditos Directos,B. Pichincha,4.87
2026-03,CALIDAD DE ACTIVOS,Créditos Atrasados (criterio SBS)* / Créditos Directos,B. Interamericano de Finanzas,3.31
2026-03,CALIDAD DE ACTIVOS,Créditos Atrasados (criterio SBS)* / Créditos Directos,Scotiabank Perú,3.75
2026-03,CALIDAD DE ACTIVOS,Créditos Atrasados (criterio SBS)* / Créditos Directos,Citibank,0.0
2026-03,CALIDAD DE ACTIVOS,Créditos Atrasados (criterio SBS)* / Créditos Directos,Interbank,2.3000000000000003
2026-03,CALIDAD DE ACTIVOS,Créditos Atrasados (criterio SBS)* / Créditos Directos,Mibanco,4.07
2026-03,CALIDAD DE ACTIVOS,Créditos Atrasados (criterio SBS)* / Créditos Directos,B. GNB,2.07
2026-03,CALIDAD DE ACTIVOS,Créditos Atrasados (criterio SBS)* / Créditos Directos,B. Falabella Perú,2.47
2026-03,CALIDAD DE ACTIVOS,Créditos Atrasados (criterio SBS)* / Créditos Directos,B. Santander Perú,2.66
2026-03,CALIDAD DE ACTIVOS,Créditos Atrasados (criterio SBS)* / Créditos Directos,B. Ripley,2.88
2026-03,CALIDAD DE ACTIVOS,Créditos Atrasados (criterio SBS)* / Créditos Directos,Alfin Banco,2.63
2026-03,CALIDAD DE ACTIVOS,Créditos Atrasados (criterio SBS)* / Créditos Directos,B. ICBC,1.17
2026-03,CALIDAD DE ACTIVOS,Créditos Atrasados (criterio SBS)* / Créditos Directos,Bank of China,0.0
2026-03,CALIDAD DE ACTIVOS,Créditos Atrasados (criterio SBS)* / Créditos Directos,B. BCI Perú,0.71
2026-03,CALIDAD DE ACTIVOS,Créditos Atrasados (criterio SBS)* / Créditos Directos,Compartamos Banco,4.33
2026-03,CALIDAD DE ACTIVOS,Créditos Atrasados (criterio SBS)* / Créditos Directos,Santander Consumer Bank,3.1
2026-03,CALIDAD DE ACTIVOS,Créditos Atrasados con más de 90 días de atraso / Créditos Directos,B. BBVA Perú,2.6646280169955903
2026-03,CALIDAD DE ACTIVOS,Créditos Atrasados con más de 90 días de atraso / Créditos Directos,BANCOM,3.904666662316659
2026-03,CALIDAD DE ACTIVOS,Créditos Atrasados con más de 90 días de atraso / Créditos Directos,B. De Crédito del Perú (con sucursales en el exterior),2.4793417294644065
2026-03,CALIDAD DE ACTIVOS,Créditos Atrasados con más de 90 días de atraso / Créditos Directos,B. Pichincha,4.761550583947783
2026-03,CALIDAD DE ACTIVOS,Créditos Atrasados con más de 90 días de atraso / Créditos Directos,B. Interamericano de Finanzas,3.149480416898355
2026-03,CALIDAD DE ACTIVOS,Créditos Atrasados con más de 90 días de atraso / Créditos Directos,Scotiabank Perú,3.316265944041061
2026-03,CALIDAD DE ACTIVOS,Créditos Atrasados con más de 90 días de atraso / Créditos Directos,Citibank,0.0
2026-03,CALIDAD DE ACTIVOS,Créditos Atrasados con más de 90 días de atraso / Créditos Directos,Interbank,2.1706544296811647
2026-03,CALIDAD DE ACTIVOS,Créditos Atrasados con más de 90 días de atraso / Créditos Directos,Mibanco,2.650826611628049
2026-03,CALIDAD DE ACTIVOS,Créditos Atrasados con más de 90 días de atraso / Créditos Directos,B. GNB,1.9408186753313406
2026-03,CALIDAD DE ACTIVOS,Créditos Atrasados con más de 90 días de atraso / Créditos Directos,B. Falabella Perú,2.214832217696674
2026-03,CALIDAD DE ACTIVOS,Créditos Atrasados con más de 90 días de atraso / Créditos Directos,B. Santander Perú,2.057789514059122
2026-03,CALIDAD DE ACTIVOS,Créditos Atrasados con más de 90 días de atraso / Créditos Directos,B. Ripley,2.578961629853303
2026-03,CALIDAD DE ACTIVOS,Créditos Atrasados con más de 90 días de atraso / Créditos Directos,Alfin Banco,2.4222216794741356
2026-03,CALIDAD DE ACTIVOS,Créditos Atrasados con más de 90 días de atraso / Créditos Directos,B. ICBC,1.1737249848129907
2026-03,CALIDAD DE ACTIVOS,Créditos Atrasados con más de 90 días de atraso / Créditos Directos,Bank of China,0.0
2026-03,CALIDAD DE ACTIVOS,Créditos Atrasados con más de 90 días de atraso / Créditos Directos,B. BCI Perú,0.7062326045630588
2026-03,CALIDAD DE ACTIVOS,Créditos Atrasados con más de 90 días de atraso / Créditos Directos,Compartamos Banco,2.552997945588184
2026-03,CALIDAD DE ACTIVOS,Créditos Atrasados con más de 90 días de atraso / Créditos Directos,Santander Consumer Bank,2.8906781596643945
2026-03,CALIDAD DE ACTIVOS,Créditos Refinanciados y Reestructurados / Créditos Directos,B. BBVA Perú,1.84
2026-03,CALIDAD DE ACTIVOS,Créditos Refinanciados y Reestructurados / Créditos Directos,BANCOM,2.99
2026-03,CALIDAD DE ACTIVOS,Créditos Refinanciados y Reestructurados / Créditos Directos,B. De Crédito del Perú (con sucursales en el exterior),1.37
2026-03,CALIDAD DE ACTIVOS,Créditos Refinanciados y Reestructurados / Créditos Directos,B. Pichincha,2.32
2026-03,CALIDAD DE ACTIVOS,Créditos Refinanciados y Reestructurados / Créditos Directos,B. Interamericano de Finanzas,1.32
2026-03,CALIDAD DE ACTIVOS,Créditos Refinanciados y Reestructurados / Créditos Directos,Scotiabank Perú,4.21
2026-03,CALIDAD DE ACTIVOS,Créditos Refinanciados y Reestructurados / Créditos Directos,Citibank,0.0
2026-03,CALIDAD DE ACTIVOS,Créditos Refinanciados y Reestructurados / Créditos Directos,Interbank,0.86
2026-03,CALIDAD DE ACTIVOS,Créditos Refinanciados y Reestructurados / Créditos Directos,Mibanco,0.97
2026-03,CALIDAD DE ACTIVOS,Créditos Refinanciados y Reestructurados / Créditos Directos,B. GNB,0.58
2026-03,CALIDAD DE ACTIVOS,Créditos Refinanciados y Reestructurados / Créditos Directos,B. Falabella Perú,1.1
2026-03,CALIDAD DE ACTIVOS,Créditos Refinanciados y Reestructurados / Créditos Directos,B. Santander Perú,2.5500000000000003
2026-03,CALIDAD DE ACTIVOS,Créditos Refinanciados y Reestructurados / Créditos Directos,B. Ripley,1.8
2026-03,CALIDAD DE ACTIVOS,Créditos Refinanciados y Reestructurados / Créditos Directos,Alfin Banco,0.87
2026-03,CALIDAD DE ACTIVOS,Créditos Refinanciados y Reestructurados / Créditos Directos,B. ICBC,0.0
2026-03,CALIDAD DE ACTIVOS,Créditos Refinanciados y Reestructurados / Créditos Directos,Bank of China,0.0
2026-03,CALIDAD DE ACTIVOS,Créditos Refinanciados y Reestructurados / Créditos Directos,B. BCI Perú,0.0
2026-03,CALIDAD DE ACTIVOS,Créditos Refinanciados y Reestructurados / Créditos Directos,Compartamos Banco,0.12
2026-03,CALIDAD DE ACTIVOS,Créditos Refinanciados y Reestructurados / Créditos Directos,Santander Consumer Bank,5.65
2026-03,CALIDAD DE ACTIVOS,Créditos Atrasados MN (criterio SBS)* / Créditos Directos MN,B. BBVA Perú,3.21
2026-03,CALIDAD DE ACTIVOS,Créditos Atrasados MN (criterio SBS)* / Créditos Directos MN,BANCOM,3.77
2026-03,CALIDAD DE ACTIVOS,Créditos Atrasados MN (criterio SBS)* / Créditos Directos MN,B. De Crédito del Perú (con sucursales en el exterior),3.43
2026-03,CALIDAD DE ACTIVOS,Créditos Atrasados MN (criterio SBS)* / Créditos Directos MN,B. Pichincha,5.03
2026-03,CALIDAD DE ACTIVOS,Créditos Atrasados MN (criterio SBS)* / Créditos Directos MN,B. Interamericano de Finanzas,3.48
2026-03,CALIDAD DE ACTIVOS,Créditos Atrasados MN (criterio SBS)* / Créditos Directos MN,Scotiabank Perú,3.85
2026-03,CALIDAD DE ACTIVOS,Créditos Atrasados MN (criterio SBS)* / Créditos Directos MN,Citibank,0.0
2026-03,CALIDAD DE ACTIVOS,Créditos Atrasados MN (criterio SBS)* / Créditos Directos MN,Interbank,2.65
2026-03,CALIDAD DE ACTIVOS,Créditos Atrasados MN (criterio SBS)* / Créditos Directos MN,Mibanco,4.0600000000000005
2026-03,CALIDAD DE ACTIVOS,Créditos Atrasados MN (criterio SBS)* / Créditos Directos MN,B. GNB,2.16
2026-03,CALIDAD DE ACTIVOS,Créditos Atrasados MN (criterio SBS)* / Créditos Directos MN,B. Falabella Perú,2.47
2026-03,CALIDAD DE ACTIVOS,Créditos Atrasados MN (criterio SBS)* / Créditos Directos MN,B. Santander Perú,1.61
2026-03,CALIDAD DE ACTIVOS,Créditos Atrasados MN (criterio SBS)* / Créditos Directos MN,B. Ripley,2.88
2026-03,CALIDAD DE ACTIVOS,Créditos Atrasados MN (criterio SBS)* / Créditos Directos MN,Alfin Banco,2.74
2026-03,CALIDAD DE ACTIVOS,Créditos Atrasados MN (criterio SBS)* / Créditos Directos MN,B. ICBC,0.0
2026-03,CALIDAD DE ACTIVOS,Créditos Atrasados MN (criterio SBS)* / Créditos Directos MN,Bank of China,0.0
2026-03,CALIDAD DE ACTIVOS,Créditos Atrasados MN (criterio SBS)* / Créditos Directos MN,B. BCI Perú,0.0
2026-03,CALIDAD DE ACTIVOS,Créditos Atrasados MN (criterio SBS)* / Créditos Directos MN,Compartamos Banco,4.33
2026-03,CALIDAD DE ACTIVOS,Créditos Atrasados MN (criterio SBS)* / Créditos Directos MN,Santander Consumer Bank,3.1
2026-03,CALIDAD DE ACTIVOS,Créditos Atrasados ME (criterio SBS)* / Créditos Directos ME,B. BBVA Perú,2.17
2026-03,CALIDAD DE ACTIVOS,Créditos Atrasados ME (criterio SBS)* / Créditos Directos ME,BANCOM,6.38
2026-03,CALIDAD DE ACTIVOS,Créditos Atrasados ME (criterio SBS)* / Créditos Directos ME,B. De Crédito del Perú (con sucursales en el exterior),1.57
2026-03,CALIDAD DE ACTIVOS,Créditos Atrasados ME (criterio SBS)* / Créditos Directos ME,B. Pichincha,4.4
2026-03,CALIDAD DE ACTIVOS,Créditos Atrasados ME (criterio SBS)* / Créditos Directos ME,B. Interamericano de Finanzas,2.92
2026-03,CALIDAD DE ACTIVOS,Créditos Atrasados ME (criterio SBS)* / Créditos Directos ME,Scotiabank Perú,3.4
2026-03,CALIDAD DE ACTIVOS,Créditos Atrasados ME (criterio SBS)* / Créditos Directos ME,Citibank,0.0
2026-03,CALIDAD DE ACTIVOS,Créditos Atrasados ME (criterio SBS)* / Créditos Directos ME,Interbank,1.35
2026-03,CALIDAD DE ACTIVOS,Créditos Atrasados ME (criterio SBS)* / Créditos Directos ME,Mibanco,19.72
2026-03,CALIDAD DE ACTIVOS,Créditos Atrasados ME (criterio SBS)* / Créditos Directos ME,B. GNB,1.75
2026-03,CALIDAD DE ACTIVOS,Créditos Atrasados ME (criterio SBS)* / Créditos Directos ME,B. Falabella Perú,0.0
2026-03,CALIDAD DE ACTIVOS,Créditos Atrasados ME (criterio SBS)* / Créditos Directos ME,B. Santander Perú,3.44
2026-03,CALIDAD DE ACTIVOS,Créditos Atrasados ME (criterio SBS)* / Créditos Directos ME,B. Ripley,0.0
2026-03,CALIDAD DE ACTIVOS,Créditos Atrasados ME (criterio SBS)* / Créditos Directos ME,Alfin Banco,0.16
2026-03,CALIDAD DE ACTIVOS,Créditos Atrasados ME (criterio SBS)* / Créditos Directos ME,B. ICBC,1.8900000000000001
2026-03,CALIDAD DE ACTIVOS,Créditos Atrasados ME (criterio SBS)* / Créditos Directos ME,Bank of China,0.0
2026-03,CALIDAD DE ACTIVOS,Créditos Atrasados ME (criterio SBS)* / Créditos Directos ME,B. BCI Perú,1.96
2026-03,CALIDAD DE ACTIVOS,Créditos Atrasados ME (criterio SBS)* / Créditos Directos ME,Compartamos Banco,0.0
2026-03,CALIDAD DE ACTIVOS,Créditos Atrasados ME (criterio SBS)* / Créditos Directos ME,Santander Consumer Bank,11.75
2026-03,CALIDAD DE ACTIVOS,Provisiones / Créditos Atrasados,B. BBVA Perú,157.77
2026-03,CALIDAD DE ACTIVOS,Provisiones / Créditos Atrasados,BANCOM,184.66
2026-03,CALIDAD DE ACTIVOS,Provisiones / Créditos Atrasados,B. De Crédito del Perú (con sucursales en el exterior),184.34
2026-03,CALIDAD DE ACTIVOS,Provisiones / Créditos Atrasados,B. Pichincha,159.09
2026-03,CALIDAD DE ACTIVOS,Provisiones / Créditos Atrasados,B. Interamericano de Finanzas,184.72
2026-03,CALIDAD DE ACTIVOS,Provisiones / Créditos Atrasados,Scotiabank Perú,204.67000000000002
2026-03,CALIDAD DE ACTIVOS,Provisiones / Créditos Atrasados,Citibank,0.0
2026-03,CALIDAD DE ACTIVOS,Provisiones / Créditos Atrasados,Interbank,154.73
2026-03,CALIDAD DE ACTIVOS,Provisiones / Créditos Atrasados,Mibanco,152.78
2026-03,CALIDAD DE ACTIVOS,Provisiones / Créditos Atrasados,B. GNB,168.83
2026-03,CALIDAD DE ACTIVOS,Provisiones / Créditos Atrasados,B. Falabella Perú,292.84000000000003
2026-03,CALIDAD DE ACTIVOS,Provisiones / Créditos Atrasados,B. Santander Perú,184.35
2026-03,CALIDAD DE ACTIVOS,Provisiones / Créditos Atrasados,B. Ripley,243.62
2026-03,CALIDAD DE ACTIVOS,Provisiones / Créditos Atrasados,Alfin Banco,203.39000000000001
2026-03,CALIDAD DE ACTIVOS,Provisiones / Créditos Atrasados,B. ICBC,153.82
2026-03,CALIDAD DE ACTIVOS,Provisiones / Créditos Atrasados,Bank of China,0.0
2026-03,CALIDAD DE ACTIVOS,Provisiones / Créditos Atrasados,B. BCI Perú,225.45000000000002
2026-03,CALIDAD DE ACTIVOS,Provisiones / Créditos Atrasados,Compartamos Banco,177.06
2026-03,CALIDAD DE ACTIVOS,Provisiones / Créditos Atrasados,Santander Consumer Bank,391.78000000000003
2026-03,CALIDAD DE ACTIVOS,Cartera Atrasada Ajustada **,B. BBVA Perú,4.692615161448648
2026-03,CALIDAD DE ACTIVOS,Cartera Atrasada Ajustada **,BANCOM,6.50611679431298
2026-03,CALIDAD DE ACTIVOS,Cartera Atrasada Ajustada **,B. De Crédito del Perú (con sucursales en el exterior),4.411261478068385
2026-03,CALIDAD DE ACTIVOS,Cartera Atrasada Ajustada **,B. Pichincha,11.726261834594741
2026-03,CALIDAD DE ACTIVOS,Cartera Atrasada Ajustada **,B. Interamericano de Finanzas,4.357187184796615
2026-03,CALIDAD DE ACTIVOS,Cartera Atrasada Ajustada **,Scotiabank Perú,5.055044073046545
2026-03,CALIDAD DE ACTIVOS,Cartera Atrasada Ajustada **,Citibank,0.0
2026-03,CALIDAD DE ACTIVOS,Cartera Atrasada Ajustada **,Interbank,4.572954348243727
2026-03,CALIDAD DE ACTIVOS,Cartera Atrasada Ajustada **,Mibanco,9.974597647466581
2026-03,CALIDAD DE ACTIVOS,Cartera Atrasada Ajustada **,B. GNB,3.5274087346134846
2026-03,CALIDAD DE ACTIVOS,Cartera Atrasada Ajustada **,B. Falabella Perú,13.081278170826756
2026-03,CALIDAD DE ACTIVOS,Cartera Atrasada Ajustada **,B. Santander Perú,2.656129753193587
2026-03,CALIDAD DE ACTIVOS,Cartera Atrasada Ajustada **,B. Ripley,14.126166740883098
2026-03,CALIDAD DE ACTIVOS,Cartera Atrasada Ajustada **,Alfin Banco,10.31741456023787
2026-03,CALIDAD DE ACTIVOS,Cartera Atrasada Ajustada **,B. ICBC,1.1737250623499373
2026-03,CALIDAD DE ACTIVOS,Cartera Atrasada Ajustada **,Bank of China,0.0
2026-03,CALIDAD DE ACTIVOS,Cartera Atrasada Ajustada **,B. BCI Perú,0.7181850069192023
2026-03,CALIDAD DE ACTIVOS,Cartera Atrasada Ajustada **,Compartamos Banco,11.903201670658499
2026-03,CALIDAD DE ACTIVOS,Cartera Atrasada Ajustada **,Santander Consumer Bank,12.864397785900541
2026-03,CALIDAD DE ACTIVOS,Cartera de Alto Riesgo Ajustada ***,B. BBVA Perú,6.502783415040107
2026-03,CALIDAD DE ACTIVOS,Cartera de Alto Riesgo Ajustada ***,BANCOM,9.422346012633685
2026-03,CALIDAD DE ACTIVOS,Cartera de Alto Riesgo Ajustada ***,B. De Crédito del Perú (con sucursales en el exterior),5.763599162705392
2026-03,CALIDAD DE ACTIVOS,Cartera de Alto Riesgo Ajustada ***,B. Pichincha,13.913463397171332
2026-03,CALIDAD DE ACTIVOS,Cartera de Alto Riesgo Ajustada ***,B. Interamericano de Finanzas,5.666217594344394
2026-03,CALIDAD DE ACTIVOS,Cartera de Alto Riesgo Ajustada ***,Scotiabank Perú,9.207143037313465
2026-03,CALIDAD DE ACTIVOS,Cartera de Alto Riesgo Ajustada ***,Citibank,0.0
2026-03,CALIDAD DE ACTIVOS,Cartera de Alto Riesgo Ajustada ***,Interbank,5.417577153291954
2026-03,CALIDAD DE ACTIVOS,Cartera de Alto Riesgo Ajustada ***,Mibanco,10.881983273248197
2026-03,CALIDAD DE ACTIVOS,Cartera de Alto Riesgo Ajustada ***,B. GNB,4.0991976693219
2026-03,CALIDAD DE ACTIVOS,Cartera de Alto Riesgo Ajustada ***,B. Falabella Perú,14.060060000007821
2026-03,CALIDAD DE ACTIVOS,Cartera de Alto Riesgo Ajustada ***,B. Santander Perú,5.205619372775664
2026-03,CALIDAD DE ACTIVOS,Cartera de Alto Riesgo Ajustada ***,B. Ripley,15.719447469150758
2026-03,CALIDAD DE ACTIVOS,Cartera de Alto Riesgo Ajustada ***,Alfin Banco,11.118206933270079
2026-03,CALIDAD DE ACTIVOS,Cartera de Alto Riesgo Ajustada ***,B. ICBC,1.1737250623499373
2026-03,CALIDAD DE ACTIVOS,Cartera de Alto Riesgo Ajustada ***,Bank of China,0.0
2026-03,CALIDAD DE ACTIVOS,Cartera de Alto Riesgo Ajustada ***,B. BCI Perú,0.7181850069192023
2026-03,CALIDAD DE ACTIVOS,Cartera de Alto Riesgo Ajustada ***,Compartamos Banco,12.013477023893584
2026-03,CALIDAD DE ACTIVOS,Cartera de Alto Riesgo Ajustada ***,Santander Consumer Bank,17.9479730046867
2026-03,EFICIENCIA Y GESTIÓN,Gastos de Administración Anualizados / Activo Productivo Promedio,B. BBVA Perú,2.933166372735249
2026-03,EFICIENCIA Y GESTIÓN,Gastos de Administración Anualizados / Activo Productivo Promedio,BANCOM,4.8515766303465835
2026-03,EFICIENCIA Y GESTIÓN,Gastos de Administración Anualizados / Activo Productivo Promedio,B. De Crédito del Perú (con sucursales en el exterior),3.3870991834424324
2026-03,EFICIENCIA Y GESTIÓN,Gastos de Administración Anualizados / Activo Productivo Promedio,B. Pichincha,2.515639966726871
2026-03,EFICIENCIA Y GESTIÓN,Gastos de Administración Anualizados / Activo Productivo Promedio,B. Interamericano de Finanzas,1.8972847452583868
2026-03,EFICIENCIA Y GESTIÓN,Gastos de Administración Anualizados / Activo Productivo Promedio,Scotiabank Perú,2.589657032463102
2026-03,EFICIENCIA Y GESTIÓN,Gastos de Administración Anualizados / Activo Productivo Promedio,Citibank,3.253375985659042
2026-03,EFICIENCIA Y GESTIÓN,Gastos de Administración Anualizados / Activo Productivo Promedio,Interbank,2.8316512843293578
2026-03,EFICIENCIA Y GESTIÓN,Gastos de Administración Anualizados / Activo Productivo Promedio,Mibanco,7.785468054057013
2026-03,EFICIENCIA Y GESTIÓN,Gastos de Administración Anualizados / Activo Productivo Promedio,B. GNB,2.1913588350858406
2026-03,EFICIENCIA Y GESTIÓN,Gastos de Administración Anualizados / Activo Productivo Promedio,B. Falabella Perú,13.457448728860486
2026-03,EFICIENCIA Y GESTIÓN,Gastos de Administración Anualizados / Activo Productivo Promedio,B. Santander Perú,2.4008828415766863
2026-03,EFICIENCIA Y GESTIÓN,Gastos de Administración Anualizados / Activo Productivo Promedio,B. Ripley,14.86867535238971
2026-03,EFICIENCIA Y GESTIÓN,Gastos de Administración Anualizados / Activo Productivo Promedio,Alfin Banco,10.988892391156432
2026-03,EFICIENCIA Y GESTIÓN,Gastos de Administración Anualizados / Activo Productivo Promedio,B. ICBC,1.2717218249146378
2026-03,EFICIENCIA Y GESTIÓN,Gastos de Administración Anualizados / Activo Productivo Promedio,Bank of China,1.0874729239249048
2026-03,EFICIENCIA Y GESTIÓN,Gastos de Administración Anualizados / Activo Productivo Promedio,B. BCI Perú,1.600785196969391
2026-03,EFICIENCIA Y GESTIÓN,Gastos de Administración Anualizados / Activo Productivo Promedio,Compartamos Banco,15.83300562978763
2026-03,EFICIENCIA Y GESTIÓN,Gastos de Administración Anualizados / Activo Productivo Promedio,Santander Consumer Bank,13.455051561378015
2026-03,EFICIENCIA Y GESTIÓN,Gastos de Operación / Margen Financiero Total,B. BBVA Perú,40.07283912043039
2026-03,EFICIENCIA Y GESTIÓN,Gastos de Operación / Margen Financiero Total,BANCOM,55.9118564507384
2026-03,EFICIENCIA Y GESTIÓN,Gastos de Operación / Margen Financiero Total,B. De Crédito del Perú (con sucursales en el exterior),37.25885465381224
2026-03,EFICIENCIA Y GESTIÓN,Gastos de Operación / Margen Financiero Total,B. Pichincha,43.643827270425604
2026-03,EFICIENCIA Y GESTIÓN,Gastos de Operación / Margen Financiero Total,B. Interamericano de Finanzas,45.16035866441541
2026-03,EFICIENCIA Y GESTIÓN,Gastos de Operación / Margen Financiero Total,Scotiabank Perú,44.28985506145279
2026-03,EFICIENCIA Y GESTIÓN,Gastos de Operación / Margen Financiero Total,Citibank,43.491594543599014
2026-03,EFICIENCIA Y GESTIÓN,Gastos de Operación / Margen Financiero Total,Interbank,42.72459468383787
2026-03,EFICIENCIA Y GESTIÓN,Gastos de Operación / Margen Financiero Total,Mibanco,49.14564396184616
2026-03,EFICIENCIA Y GESTIÓN,Gastos de Operación / Margen Financiero Total,B. GNB,61.187226703711794
2026-03,EFICIENCIA Y GESTIÓN,Gastos de Operación / Margen Financiero Total,B. Falabella Perú,46.32277434410901
2026-03,EFICIENCIA Y GESTIÓN,Gastos de Operación / Margen Financiero Total,B. Santander Perú,37.340555220931485
2026-03,EFICIENCIA Y GESTIÓN,Gastos de Operación / Margen Financiero Total,B. Ripley,55.42942952565812
2026-03,EFICIENCIA Y GESTIÓN,Gastos de Operación / Margen Financiero Total,Alfin Banco,56.44330737122824
2026-03,EFICIENCIA Y GESTIÓN,Gastos de Operación / Margen Financiero Total,B. ICBC,38.29839636580827
2026-03,EFICIENCIA Y GESTIÓN,Gastos de Operación / Margen Financiero Total,Bank of China,63.45113618722337
2026-03,EFICIENCIA Y GESTIÓN,Gastos de Operación / Margen Financiero Total,B. BCI Perú,42.86290585363854
2026-03,EFICIENCIA Y GESTIÓN,Gastos de Operación / Margen Financiero Total,Compartamos Banco,50.359897561579515
2026-03,EFICIENCIA Y GESTIÓN,Gastos de Operación / Margen Financiero Total,Santander Consumer Bank,43.31489015504455
2026-03,EFICIENCIA Y GESTIÓN,Ingresos Financieros / Ingresos Totales,B. BBVA Perú,82.58680998389463
2026-03,EFICIENCIA Y GESTIÓN,Ingresos Financieros / Ingresos Totales,BANCOM,94.34870784091743
2026-03,EFICIENCIA Y GESTIÓN,Ingresos Financieros / Ingresos Totales,B. De Crédito del Perú (con sucursales en el exterior),78.98229131978673
2026-03,EFICIENCIA Y GESTIÓN,Ingresos Financieros / Ingresos Totales,B. Pichincha,86.27789918993903
2026-03,EFICIENCIA Y GESTIÓN,Ingresos Financieros / Ingresos Totales,B. Interamericano de Finanzas,87.23335963617737
2026-03,EFICIENCIA Y GESTIÓN,Ingresos Financieros / Ingresos Totales,Scotiabank Perú,82.55397432424849
2026-03,EFICIENCIA Y GESTIÓN,Ingresos Financieros / Ingresos Totales,Citibank,79.48948690361675
2026-03,EFICIENCIA Y GESTIÓN,Ingresos Financieros / Ingresos Totales,Interbank,82.54207234585844
2026-03,EFICIENCIA Y GESTIÓN,Ingresos Financieros / Ingresos Totales,Mibanco,95.39530659615131
2026-03,EFICIENCIA Y GESTIÓN,Ingresos Financieros / Ingresos Totales,B. GNB,91.16432681842038
2026-03,EFICIENCIA Y GESTIÓN,Ingresos Financieros / Ingresos Totales,B. Falabella Perú,77.4244338774299
2026-03,EFICIENCIA Y GESTIÓN,Ingresos Financieros / Ingresos Totales,B. Santander Perú,87.40455034182219
2026-03,EFICIENCIA Y GESTIÓN,Ingresos Financieros / Ingresos Totales,B. Ripley,76.75481272456405
2026-03,EFICIENCIA Y GESTIÓN,Ingresos Financieros / Ingresos Totales,Alfin Banco,85.38130000858293
2026-03,EFICIENCIA Y GESTIÓN,Ingresos Financieros / Ingresos Totales,B. ICBC,83.15933117823045
2026-03,EFICIENCIA Y GESTIÓN,Ingresos Financieros / Ingresos Totales,Bank of China,86.98560953356072
2026-03,EFICIENCIA Y GESTIÓN,Ingresos Financieros / Ingresos Totales,B. BCI Perú,93.47024708179192
2026-03,EFICIENCIA Y GESTIÓN,Ingresos Financieros / Ingresos Totales,Compartamos Banco,90.41556314108384
2026-03,EFICIENCIA Y GESTIÓN,Ingresos Financieros / Ingresos Totales,Santander Consumer Bank,84.64970104370666
2026-03,EFICIENCIA Y GESTIÓN,Ingresos Financieros Anualizados / Activo Productivo Promedio,B. BBVA Perú,8.84575367715441
2026-03,EFICIENCIA Y GESTIÓN,Ingresos Financieros Anualizados / Activo Productivo Promedio,BANCOM,12.608729337656246
2026-03,EFICIENCIA Y GESTIÓN,Ingresos Financieros Anualizados / Activo Productivo Promedio,B. De Crédito del Perú (con sucursales en el exterior),9.340549328560472
2026-03,EFICIENCIA Y GESTIÓN,Ingresos Financieros Anualizados / Activo Productivo Promedio,B. Pichincha,9.328940290475677
2026-03,EFICIENCIA Y GESTIÓN,Ingresos Financieros Anualizados / Activo Productivo Promedio,B. Interamericano de Finanzas,7.602770656512988
2026-03,EFICIENCIA Y GESTIÓN,Ingresos Financieros Anualizados / Activo Productivo Promedio,Scotiabank Perú,7.9012013545999595
2026-03,EFICIENCIA Y GESTIÓN,Ingresos Financieros Anualizados / Activo Productivo Promedio,Citibank,10.300143765391823
2026-03,EFICIENCIA Y GESTIÓN,Ingresos Financieros Anualizados / Activo Productivo Promedio,Interbank,9.17754593807878
2026-03,EFICIENCIA Y GESTIÓN,Ingresos Financieros Anualizados / Activo Productivo Promedio,Mibanco,19.998017222777012
2026-03,EFICIENCIA Y GESTIÓN,Ingresos Financieros Anualizados / Activo Productivo Promedio,B. GNB,8.067027627249995
2026-03,EFICIENCIA Y GESTIÓN,Ingresos Financieros Anualizados / Activo Productivo Promedio,B. Falabella Perú,26.958623536320847
2026-03,EFICIENCIA Y GESTIÓN,Ingresos Financieros Anualizados / Activo Productivo Promedio,B. Santander Perú,9.087033816455333
2026-03,EFICIENCIA Y GESTIÓN,Ingresos Financieros Anualizados / Activo Productivo Promedio,B. Ripley,26.464972106277955
2026-03,EFICIENCIA Y GESTIÓN,Ingresos Financieros Anualizados / Activo Productivo Promedio,Alfin Banco,25.494359197297463
2026-03,EFICIENCIA Y GESTIÓN,Ingresos Financieros Anualizados / Activo Productivo Promedio,B. ICBC,5.374989503959688
2026-03,EFICIENCIA Y GESTIÓN,Ingresos Financieros Anualizados / Activo Productivo Promedio,Bank of China,4.034232772942819
2026-03,EFICIENCIA Y GESTIÓN,Ingresos Financieros Anualizados / Activo Productivo Promedio,B. BCI Perú,7.56556483615914
2026-03,EFICIENCIA Y GESTIÓN,Ingresos Financieros Anualizados / Activo Productivo Promedio,Compartamos Banco,35.469174936441014
2026-03,EFICIENCIA Y GESTIÓN,Ingresos Financieros Anualizados / Activo Productivo Promedio,Santander Consumer Bank,29.05810139331406
2026-03,EFICIENCIA Y GESTIÓN,Créditos Directos / Personal ( S/ Miles ),B. BBVA Perú,10629.0
2026-03,EFICIENCIA Y GESTIÓN,Créditos Directos / Personal ( S/ Miles ),BANCOM,2323.0
2026-03,EFICIENCIA Y GESTIÓN,Créditos Directos / Personal ( S/ Miles ),B. De Crédito del Perú (con sucursales en el exterior),0.0
2026-03,EFICIENCIA Y GESTIÓN,Créditos Directos / Personal ( S/ Miles ),B. Pichincha,8159.0
2026-03,EFICIENCIA Y GESTIÓN,Créditos Directos / Personal ( S/ Miles ),B. Interamericano de Finanzas,9754.0
2026-03,EFICIENCIA Y GESTIÓN,Créditos Directos / Personal ( S/ Miles ),Scotiabank Perú,8391.0
2026-03,EFICIENCIA Y GESTIÓN,Créditos Directos / Personal ( S/ Miles ),Citibank,4672.0
2026-03,EFICIENCIA Y GESTIÓN,Créditos Directos / Personal ( S/ Miles ),Interbank,7641.0
2026-03,EFICIENCIA Y GESTIÓN,Créditos Directos / Personal ( S/ Miles ),Mibanco,1458.0
2026-03,EFICIENCIA Y GESTIÓN,Créditos Directos / Personal ( S/ Miles ),B. GNB,6862.0
2026-03,EFICIENCIA Y GESTIÓN,Créditos Directos / Personal ( S/ Miles ),B. Falabella Perú,2184.0
2026-03,EFICIENCIA Y GESTIÓN,Créditos Directos / Personal ( S/ Miles ),B. Santander Perú,23433.0
2026-03,EFICIENCIA Y GESTIÓN,Créditos Directos / Personal ( S/ Miles ),B. Ripley,1205.0
2026-03,EFICIENCIA Y GESTIÓN,Créditos Directos / Personal ( S/ Miles ),Alfin Banco,888.0
2026-03,EFICIENCIA Y GESTIÓN,Créditos Directos / Personal ( S/ Miles ),B. ICBC,14861.0
2026-03,EFICIENCIA Y GESTIÓN,Créditos Directos / Personal ( S/ Miles ),Bank of China,3132.0
2026-03,EFICIENCIA Y GESTIÓN,Créditos Directos / Personal ( S/ Miles ),B. BCI Perú,26173.0
2026-03,EFICIENCIA Y GESTIÓN,Créditos Directos / Personal ( S/ Miles ),Compartamos Banco,686.0
2026-03,EFICIENCIA Y GESTIÓN,Créditos Directos / Personal ( S/ Miles ),Santander Consumer Bank,1443.0
2026-03,EFICIENCIA Y GESTIÓN,Depósitos / Número de Oficinas ( S/ Miles ),B. BBVA Perú,323451.5942407407
2026-03,EFICIENCIA Y GESTIÓN,Depósitos / Número de Oficinas ( S/ Miles ),BANCOM,57430.62242307692
2026-03,EFICIENCIA Y GESTIÓN,Depósitos / Número de Oficinas ( S/ Miles ),B. De Crédito del Perú (con sucursales en el exterior),479358.35830158734
2026-03,EFICIENCIA Y GESTIÓN,Depósitos / Número de Oficinas ( S/ Miles ),B. Pichincha,473204.18346666667
2026-03,EFICIENCIA Y GESTIÓN,Depósitos / Número de Oficinas ( S/ Miles ),B. Interamericano de Finanzas,268434.7680327869
2026-03,EFICIENCIA Y GESTIÓN,Depósitos / Número de Oficinas ( S/ Miles ),Scotiabank Perú,336098.2036375839
2026-03,EFICIENCIA Y GESTIÓN,Depósitos / Número de Oficinas ( S/ Miles ),Citibank,6253252.197
2026-03,EFICIENCIA Y GESTIÓN,Depósitos / Número de Oficinas ( S/ Miles ),Interbank,401329.00759701495
2026-03,EFICIENCIA Y GESTIÓN,Depósitos / Número de Oficinas ( S/ Miles ),Mibanco,38858.87171985815
2026-03,EFICIENCIA Y GESTIÓN,Depósitos / Número de Oficinas ( S/ Miles ),B. GNB,427432.9881818182
2026-03,EFICIENCIA Y GESTIÓN,Depósitos / Número de Oficinas ( S/ Miles ),B. Falabella Perú,69923.89453846154
2026-03,EFICIENCIA Y GESTIÓN,Depósitos / Número de Oficinas ( S/ Miles ),B. Santander Perú,6511800.828
2026-03,EFICIENCIA Y GESTIÓN,Depósitos / Número de Oficinas ( S/ Miles ),B. Ripley,47775.729838709674
2026-03,EFICIENCIA Y GESTIÓN,Depósitos / Número de Oficinas ( S/ Miles ),Alfin Banco,33476.528975609755
2026-03,EFICIENCIA Y GESTIÓN,Depósitos / Número de Oficinas ( S/ Miles ),B. ICBC,1890440.854
2026-03,EFICIENCIA Y GESTIÓN,Depósitos / Número de Oficinas ( S/ Miles ),Bank of China,1782231.808
2026-03,EFICIENCIA Y GESTIÓN,Depósitos / Número de Oficinas ( S/ Miles ),B. BCI Perú,3197740.333
2026-03,EFICIENCIA Y GESTIÓN,Depósitos / Número de Oficinas ( S/ Miles ),Compartamos Banco,26000.55503174603
2026-03,EFICIENCIA Y GESTIÓN,Depósitos / Número de Oficinas ( S/ Miles ),Santander Consumer Bank,12074.770052173913
2026-03,RENTABILIDAD,Utilidad Neta Anualizada / Patrimonio Promedio,B. BBVA Perú,18.023523283621444
2026-03,RENTABILIDAD,Utilidad Neta Anualizada / Patrimonio Promedio,BANCOM,5.443385990698716
2026-03,RENTABILIDAD,Utilidad Neta Anualizada / Patrimonio Promedio,B. De Crédito del Perú (con sucursales en el exterior),27.02873093872398
2026-03,RENTABILIDAD,Utilidad Neta Anualizada / Patrimonio Promedio,B. Pichincha,4.237743439023835
2026-03,RENTABILIDAD,Utilidad Neta Anualizada / Patrimonio Promedio,B. Interamericano de Finanzas,13.652211218880403
2026-03,RENTABILIDAD,Utilidad Neta Anualizada / Patrimonio Promedio,Scotiabank Perú,11.945890890754656
2026-03,RENTABILIDAD,Utilidad Neta Anualizada / Patrimonio Promedio,Citibank,29.933161374164367
2026-03,RENTABILIDAD,Utilidad Neta Anualizada / Patrimonio Promedio,Interbank,16.891437360974145
2026-03,RENTABILIDAD,Utilidad Neta Anualizada / Patrimonio Promedio,Mibanco,23.821195615053302
2026-03,RENTABILIDAD,Utilidad Neta Anualizada / Patrimonio Promedio,B. GNB,8.98557499047102
2026-03,RENTABILIDAD,Utilidad Neta Anualizada / Patrimonio Promedio,B. Falabella Perú,17.817165437829043
2026-03,RENTABILIDAD,Utilidad Neta Anualizada / Patrimonio Promedio,B. Santander Perú,18.03401933646387
2026-03,RENTABILIDAD,Utilidad Neta Anualizada / Patrimonio Promedio,B. Ripley,16.53416461660795
2026-03,RENTABILIDAD,Utilidad Neta Anualizada / Patrimonio Promedio,Alfin Banco,10.825105349025396
2026-03,RENTABILIDAD,Utilidad Neta Anualizada / Patrimonio Promedio,B. ICBC,5.736174598280621
2026-03,RENTABILIDAD,Utilidad Neta Anualizada / Patrimonio Promedio,Bank of China,8.256840067829874
2026-03,RENTABILIDAD,Utilidad Neta Anualizada / Patrimonio Promedio,B. BCI Perú,5.634484439175348
2026-03,RENTABILIDAD,Utilidad Neta Anualizada / Patrimonio Promedio,Compartamos Banco,26.19725469872558
2026-03,RENTABILIDAD,Utilidad Neta Anualizada / Patrimonio Promedio,Santander Consumer Bank,11.981535285977651
2026-03,RENTABILIDAD,Utilidad Neta Anualizada / Activo Promedio,B. BBVA Perú,2.2878475657228843
2026-03,RENTABILIDAD,Utilidad Neta Anualizada / Activo Promedio,BANCOM,1.0873861034635133
2026-03,RENTABILIDAD,Utilidad Neta Anualizada / Activo Promedio,B. De Crédito del Perú (con sucursales en el exterior),3.4279437760491165
2026-03,RENTABILIDAD,Utilidad Neta Anualizada / Activo Promedio,B. Pichincha,0.5184816132034488
2026-03,RENTABILIDAD,Utilidad Neta Anualizada / Activo Promedio,B. Interamericano de Finanzas,1.262791291451267
2026-03,RENTABILIDAD,Utilidad Neta Anualizada / Activo Promedio,Scotiabank Perú,1.9450341705234913
2026-03,RENTABILIDAD,Utilidad Neta Anualizada / Activo Promedio,Citibank,4.179662429707222
2026-03,RENTABILIDAD,Utilidad Neta Anualizada / Activo Promedio,Interbank,2.0905122788218975
2026-03,RENTABILIDAD,Utilidad Neta Anualizada / Activo Promedio,Mibanco,3.4761678294949485
2026-03,RENTABILIDAD,Utilidad Neta Anualizada / Activo Promedio,B. GNB,1.2517191103244607
2026-03,RENTABILIDAD,Utilidad Neta Anualizada / Activo Promedio,B. Falabella Perú,4.054050784512667
2026-03,RENTABILIDAD,Utilidad Neta Anualizada / Activo Promedio,B. Santander Perú,2.774002736612084
2026-03,RENTABILIDAD,Utilidad Neta Anualizada / Activo Promedio,B. Ripley,3.6271113321721726
2026-03,RENTABILIDAD,Utilidad Neta Anualizada / Activo Promedio,Alfin Banco,1.038948597772022
2026-03,RENTABILIDAD,Utilidad Neta Anualizada / Activo Promedio,B. ICBC,1.3112353709332014
2026-03,RENTABILIDAD,Utilidad Neta Anualizada / Activo Promedio,Bank of China,1.1206658473459
2026-03,RENTABILIDAD,Utilidad Neta Anualizada / Activo Promedio,B. BCI Perú,1.0957735530572887
2026-03,RENTABILIDAD,Utilidad Neta Anualizada / Activo Promedio,Compartamos Banco,5.588938702369525
2026-03,RENTABILIDAD,Utilidad Neta Anualizada / Activo Promedio,Santander Consumer Bank,3.6482165191607305
2026-03,LIQUIDEZ,Ratio de Liquidez MN (Promedio de saldos del mes),B. BBVA Perú,27.8
2026-03,LIQUIDEZ,Ratio de Liquidez MN (Promedio de saldos del mes),BANCOM,19.03
2026-03,LIQUIDEZ,Ratio de Liquidez MN (Promedio de saldos del mes),B. De Crédito del Perú (con sucursales en el exterior),34.94
2026-03,LIQUIDEZ,Ratio de Liquidez MN (Promedio de saldos del mes),B. Pichincha,41.53
2026-03,LIQUIDEZ,Ratio de Liquidez MN (Promedio de saldos del mes),B. Interamericano de Finanzas,34.57
2026-03,LIQUIDEZ,Ratio de Liquidez MN (Promedio de saldos del mes),Scotiabank Perú,30.68
2026-03,LIQUIDEZ,Ratio de Liquidez MN (Promedio de saldos del mes),Citibank,89.88
2026-03,LIQUIDEZ,Ratio de Liquidez MN (Promedio de saldos del mes),Interbank,34.1
2026-03,LIQUIDEZ,Ratio de Liquidez MN (Promedio de saldos del mes),Mibanco,23.53
2026-03,LIQUIDEZ,Ratio de Liquidez MN (Promedio de saldos del mes),B. GNB,35.2
2026-03,LIQUIDEZ,Ratio de Liquidez MN (Promedio de saldos del mes),B. Falabella Perú,21.150000000000002
2026-03,LIQUIDEZ,Ratio de Liquidez MN (Promedio de saldos del mes),B. Santander Perú,39.31
2026-03,LIQUIDEZ,Ratio de Liquidez MN (Promedio de saldos del mes),B. Ripley,37.12
2026-03,LIQUIDEZ,Ratio de Liquidez MN (Promedio de saldos del mes),Alfin Banco,35.96
2026-03,LIQUIDEZ,Ratio de Liquidez MN (Promedio de saldos del mes),B. ICBC,129.06
2026-03,LIQUIDEZ,Ratio de Liquidez MN (Promedio de saldos del mes),Bank of China,181.9
2026-03,LIQUIDEZ,Ratio de Liquidez MN (Promedio de saldos del mes),B. BCI Perú,51.31
2026-03,LIQUIDEZ,Ratio de Liquidez MN (Promedio de saldos del mes),Compartamos Banco,28.57
2026-03,LIQUIDEZ,Ratio de Liquidez MN (Promedio de saldos del mes),Santander Consumer Bank,19.44
2026-03,LIQUIDEZ,Ratio de Liquidez ME (Promedio de saldos del mes),B. BBVA Perú,48.51
2026-03,LIQUIDEZ,Ratio de Liquidez ME (Promedio de saldos del mes),BANCOM,57.4
2026-03,LIQUIDEZ,Ratio de Liquidez ME (Promedio de saldos del mes),B. De Crédito del Perú (con sucursales en el exterior),57.39
2026-03,LIQUIDEZ,Ratio de Liquidez ME (Promedio de saldos del mes),B. Pichincha,45.9
2026-03,LIQUIDEZ,Ratio de Liquidez ME (Promedio de saldos del mes),B. Interamericano de Finanzas,53.47
2026-03,LIQUIDEZ,Ratio de Liquidez ME (Promedio de saldos del mes),Scotiabank Perú,57.370000000000005
2026-03,LIQUIDEZ,Ratio de Liquidez ME (Promedio de saldos del mes),Citibank,110.04
2026-03,LIQUIDEZ,Ratio de Liquidez ME (Promedio de saldos del mes),Interbank,52.47
2026-03,LIQUIDEZ,Ratio de Liquidez ME (Promedio de saldos del mes),Mibanco,203.14000000000001
2026-03,LIQUIDEZ,Ratio de Liquidez ME (Promedio de saldos del mes),B. GNB,49.160000000000004
2026-03,LIQUIDEZ,Ratio de Liquidez ME (Promedio de saldos del mes),B. Falabella Perú,187.76
2026-03,LIQUIDEZ,Ratio de Liquidez ME (Promedio de saldos del mes),B. Santander Perú,55.01
2026-03,LIQUIDEZ,Ratio de Liquidez ME (Promedio de saldos del mes),B. Ripley,422.63
2026-03,LIQUIDEZ,Ratio de Liquidez ME (Promedio de saldos del mes),Alfin Banco,78.14
2026-03,LIQUIDEZ,Ratio de Liquidez ME (Promedio de saldos del mes),B. ICBC,62.89
2026-03,LIQUIDEZ,Ratio de Liquidez ME (Promedio de saldos del mes),Bank of China,98.72
2026-03,LIQUIDEZ,Ratio de Liquidez ME (Promedio de saldos del mes),B. BCI Perú,93.4
2026-03,LIQUIDEZ,Ratio de Liquidez ME (Promedio de saldos del mes),Compartamos Banco,97.89
2026-03,LIQUIDEZ,Ratio de Liquidez ME (Promedio de saldos del mes),Santander Consumer Bank,97.89
2026-03,LIQUIDEZ,Caja y Bancos MN / Obligaciones a la Vista MN ( N° de veces ),B. BBVA Perú,0.36
2026-03,LIQUIDEZ,Caja y Bancos MN / Obligaciones a la Vista MN ( N° de veces ),BANCOM,0.79
2026-03,LIQUIDEZ,Caja y Bancos MN / Obligaciones a la Vista MN ( N° de veces ),B. De Crédito del Perú (con sucursales en el exterior),0.14
2026-03,LIQUIDEZ,Caja y Bancos MN / Obligaciones a la Vista MN ( N° de veces ),B. Pichincha,4.3
2026-03,LIQUIDEZ,Caja y Bancos MN / Obligaciones a la Vista MN ( N° de veces ),B. Interamericano de Finanzas,0.3
2026-03,LIQUIDEZ,Caja y Bancos MN / Obligaciones a la Vista MN ( N° de veces ),Scotiabank Perú,0.31
2026-03,LIQUIDEZ,Caja y Bancos MN / Obligaciones a la Vista MN ( N° de veces ),Citibank,0.45
2026-03,LIQUIDEZ,Caja y Bancos MN / Obligaciones a la Vista MN ( N° de veces ),Interbank,0.32
2026-03,LIQUIDEZ,Caja y Bancos MN / Obligaciones a la Vista MN ( N° de veces ),Mibanco,56.82
2026-03,LIQUIDEZ,Caja y Bancos MN / Obligaciones a la Vista MN ( N° de veces ),B. GNB,0.36
2026-03,LIQUIDEZ,Caja y Bancos MN / Obligaciones a la Vista MN ( N° de veces ),B. Falabella Perú,0.0
2026-03,LIQUIDEZ,Caja y Bancos MN / Obligaciones a la Vista MN ( N° de veces ),B. Santander Perú,0.13
2026-03,LIQUIDEZ,Caja y Bancos MN / Obligaciones a la Vista MN ( N° de veces ),B. Ripley,0.0
2026-03,LIQUIDEZ,Caja y Bancos MN / Obligaciones a la Vista MN ( N° de veces ),Alfin Banco,15.15
2026-03,LIQUIDEZ,Caja y Bancos MN / Obligaciones a la Vista MN ( N° de veces ),B. ICBC,3.95
2026-03,LIQUIDEZ,Caja y Bancos MN / Obligaciones a la Vista MN ( N° de veces ),Bank of China,0.85
2026-03,LIQUIDEZ,Caja y Bancos MN / Obligaciones a la Vista MN ( N° de veces ),B. BCI Perú,0.13
2026-03,LIQUIDEZ,Caja y Bancos MN / Obligaciones a la Vista MN ( N° de veces ),Compartamos Banco,0.0
2026-03,LIQUIDEZ,Caja y Bancos MN / Obligaciones a la Vista MN ( N° de veces ),Santander Consumer Bank,813.1800000000001
2026-03,LIQUIDEZ,Caja y Bancos en ME / Obligaciones a la Vista ME ( N° de veces),B. BBVA Perú,0.48
2026-03,LIQUIDEZ,Caja y Bancos en ME / Obligaciones a la Vista ME ( N° de veces),BANCOM,4.71
2026-03,LIQUIDEZ,Caja y Bancos en ME / Obligaciones a la Vista ME ( N° de veces),B. De Crédito del Perú (con sucursales en el exterior),1.6500000000000001
2026-03,LIQUIDEZ,Caja y Bancos en ME / Obligaciones a la Vista ME ( N° de veces),B. Pichincha,6.1000000000000005
2026-03,LIQUIDEZ,Caja y Bancos en ME / Obligaciones a la Vista ME ( N° de veces),B. Interamericano de Finanzas,2.21
2026-03,LIQUIDEZ,Caja y Bancos en ME / Obligaciones a la Vista ME ( N° de veces),Scotiabank Perú,1.3900000000000001
2026-03,LIQUIDEZ,Caja y Bancos en ME / Obligaciones a la Vista ME ( N° de veces),Citibank,0.91
2026-03,LIQUIDEZ,Caja y Bancos en ME / Obligaciones a la Vista ME ( N° de veces),Interbank,1.87
2026-03,LIQUIDEZ,Caja y Bancos en ME / Obligaciones a la Vista ME ( N° de veces),Mibanco,187.85
2026-03,LIQUIDEZ,Caja y Bancos en ME / Obligaciones a la Vista ME ( N° de veces),B. GNB,7.6000000000000005
2026-03,LIQUIDEZ,Caja y Bancos en ME / Obligaciones a la Vista ME ( N° de veces),B. Falabella Perú,0.0
2026-03,LIQUIDEZ,Caja y Bancos en ME / Obligaciones a la Vista ME ( N° de veces),B. Santander Perú,0.97
2026-03,LIQUIDEZ,Caja y Bancos en ME / Obligaciones a la Vista ME ( N° de veces),B. Ripley,0.0
2026-03,LIQUIDEZ,Caja y Bancos en ME / Obligaciones a la Vista ME ( N° de veces),Alfin Banco,2.45
2026-03,LIQUIDEZ,Caja y Bancos en ME / Obligaciones a la Vista ME ( N° de veces),B. ICBC,9.98
2026-03,LIQUIDEZ,Caja y Bancos en ME / Obligaciones a la Vista ME ( N° de veces),Bank of China,3.99
2026-03,LIQUIDEZ,Caja y Bancos en ME / Obligaciones a la Vista ME ( N° de veces),B. BCI Perú,4.44
2026-03,LIQUIDEZ,Caja y Bancos en ME / Obligaciones a la Vista ME ( N° de veces),Compartamos Banco,0.0
2026-03,LIQUIDEZ,Caja y Bancos en ME / Obligaciones a la Vista ME ( N° de veces),Santander Consumer Bank,5418.51
