periodo,tipo_entidad,entidad,clasificadora,rating_letra,rating_ordinal,link_pdf
2012 - MARZO,Banco,ALFIN BANCO,Apoyo y Asociados Internacionales,B-,5,https://extranet.sbs.gob.pe/iece/descargar?codClasificadora=000408&codPeriodo=201201&numArchivo=9&numVersion=1
2012 - MARZO,Banco,ALFIN BANCO,Moodys Local PE Clasificadora de Riesgo,B,6,https://extranet.sbs.gob.pe/iece/descargar?codClasificadora=000406&codPeriodo=201201&numArchivo=50&numVersion=1
2012 - MARZO,Financiera,AMERIKA FINANC. EL,Class y Asociados S.A.,B+,7,https://extranet.sbs.gob.pe/iece/descargar?codClasificadora=000407&codPeriodo=201201&numArchivo=3&numVersion=1
2012 - MARZO,Financiera,AMERIKA FINANC. EL,Moodys Local PE Clasificadora de Riesgo,B+,7,https://extranet.sbs.gob.pe/iece/descargar?codClasificadora=000406&codPeriodo=201201&numArchivo=53&numVersion=1
2012 - MARZO,Banco,BANBIF,Class y Asociados S.A.,A,9,https://extranet.sbs.gob.pe/iece/descargar?codClasificadora=000407&codPeriodo=201201&numArchivo=1&numVersion=1
2012 - MARZO,Banco,BANBIF,PCR (Pacific Credit Rating),A,9,https://extranet.sbs.gob.pe/iece/descargar?codClasificadora=000409&codPeriodo=201201&numArchivo=7&numVersion=1
2012 - MARZO,Banco,BANCO DE CREDITO,Apoyo y Asociados Internacionales,A+,10,https://extranet.sbs.gob.pe/iece/descargar?codClasificadora=000408&codPeriodo=201201&numArchivo=21&numVersion=1
2012 - MARZO,Banco,BANCO DE CREDITO,Moodys Local PE Clasificadora de Riesgo,A+,10,https://extranet.sbs.gob.pe/iece/descargar?codClasificadora=000406&codPeriodo=201201&numArchivo=55&numVersion=1
2012 - MARZO,Banco,BANCO EFECTIVA,Class y Asociados S.A.,B+,7,https://extranet.sbs.gob.pe/iece/descargar?codClasificadora=000407&codPeriodo=201201&numArchivo=5&numVersion=1
2012 - MARZO,Banco,BANCO EFECTIVA,Moodys Local PE Clasificadora de Riesgo,B,6,https://extranet.sbs.gob.pe/iece/descargar?codClasificadora=000406&codPeriodo=201201&numArchivo=46&numVersion=1
2012 - MARZO,Banco,BANCO FALABELLA,Apoyo y Asociados Internacionales,A-,8,https://extranet.sbs.gob.pe/iece/descargar?codClasificadora=000408&codPeriodo=201201&numArchivo=4&numVersion=1
2012 - MARZO,Banco,BANCO FALABELLA,Class y Asociados S.A.,A-,8,https://extranet.sbs.gob.pe/iece/descargar?codClasificadora=000407&codPeriodo=201201&numArchivo=34&numVersion=1
2012 - MARZO,Banco,BANCO FALABELLA,Moodys Local PE Clasificadora de Riesgo,A-,8,https://extranet.sbs.gob.pe/iece/descargar?codClasificadora=000406&codPeriodo=201201&numArchivo=74&numVersion=1
2012 - MARZO,Banco,BANCO GNB,Apoyo y Asociados Internacionales,A,9,https://extranet.sbs.gob.pe/iece/descargar?codClasificadora=000408&codPeriodo=201201&numArchivo=14&numVersion=1
2012 - MARZO,Banco,BANCO GNB,Moodys Local PE Clasificadora de Riesgo,A-,8,https://extranet.sbs.gob.pe/iece/descargar?codClasificadora=000406&codPeriodo=201201&numArchivo=37&numVersion=1
2012 - MARZO,Banco,BANCO PICHINCHA,Moodys Local PE Clasificadora de Riesgo,A-,8,https://extranet.sbs.gob.pe/iece/descargar?codClasificadora=000406&codPeriodo=201201&numArchivo=43&numVersion=1
2012 - MARZO,Banco,BANCO PICHINCHA,PCR (Pacific Credit Rating),A-,8,https://extranet.sbs.gob.pe/iece/descargar?codClasificadora=000409&codPeriodo=201201&numArchivo=6&numVersion=1
2012 - MARZO,Banco,BANCO RIPLEY,Apoyo y Asociados Internacionales,B+,7,https://extranet.sbs.gob.pe/iece/descargar?codClasificadora=000408&codPeriodo=201201&numArchivo=10&numVersion=1
2012 - MARZO,Banco,BANCO RIPLEY,Class y Asociados S.A.,A-,8,https://extranet.sbs.gob.pe/iece/descargar?codClasificadora=000407&codPeriodo=201201&numArchivo=2&numVersion=1
2012 - MARZO,Banco,BANCOM,Moodys Local PE Clasificadora de Riesgo,B+,7,https://extranet.sbs.gob.pe/iece/descargar?codClasificadora=000406&codPeriodo=201201&numArchivo=36&numVersion=1
2012 - MARZO,Banco,BANCOM,PCR (Pacific Credit Rating),B+,7,https://extranet.sbs.gob.pe/iece/descargar?codClasificadora=000409&codPeriodo=201201&numArchivo=2&numVersion=1
2012 - MARZO,Banco,BBVA,Apoyo y Asociados Internacionales,A+,10,https://extranet.sbs.gob.pe/iece/descargar?codClasificadora=000408&codPeriodo=201201&numArchivo=16&numVersion=1
2012 - MARZO,Banco,BBVA,Moodys Local PE Clasificadora de Riesgo,A+,10,https://extranet.sbs.gob.pe/iece/descargar?codClasificadora=000406&codPeriodo=201201&numArchivo=75&numVersion=1
2012 - MARZO,Banco,BBVA,PCR (Pacific Credit Rating),A+,10,https://extranet.sbs.gob.pe/iece/descargar?codClasificadora=000409&codPeriodo=201201&numArchivo=1&numVersion=1
2012 - MARZO,Banco,BN. SANTANDER CONS.,Apoyo y Asociados Internacionales,A,9,https://extranet.sbs.gob.pe/iece/descargar?codClasificadora=000408&codPeriodo=201201&numArchivo=7&numVersion=1
2012 - MARZO,Banco,BN. SANTANDER CONS.,Class y Asociados S.A.,A,9,https://extranet.sbs.gob.pe/iece/descargar?codClasificadora=000407&codPeriodo=201201&numArchivo=35&numVersion=1
2012 - MARZO,Seguros,BNP Paribas Cardif,Class y Asociados S.A.,A,9,https://extranet.sbs.gob.pe/iece/descargar?codClasificadora=000407&codPeriodo=201201&numArchivo=40&numVersion=1
2012 - MARZO,Seguros,BNP Paribas Cardif,PCR (Pacific Credit Rating),A,9,https://extranet.sbs.gob.pe/iece/descargar?codClasificadora=000409&codPeriodo=201201&numArchivo=19&numVersion=1
2012 - MARZO,Caja Rural de Ahorro y Crédito,CAJA LOS LIBERTADORE,Class y Asociados S.A.,C-,2,https://extranet.sbs.gob.pe/iece/descargar?codClasificadora=000407&codPeriodo=201201&numArchivo=25&numVersion=1
2012 - MARZO,Caja Rural de Ahorro y Crédito,CAJA LOS LIBERTADORE,PCR (Pacific Credit Rating),D,0,https://extranet.sbs.gob.pe/iece/descargar?codClasificadora=000409&codPeriodo=201201&numArchivo=13&numVersion=1
2012 - MARZO,Seguros,Cesce,Class y Asociados S.A.,A,9,https://extranet.sbs.gob.pe/iece/descargar?codClasificadora=000407&codPeriodo=201201&numArchivo=45&numVersion=1
2012 - MARZO,Seguros,Cesce,PCR (Pacific Credit Rating),A,9,https://extranet.sbs.gob.pe/iece/descargar?codClasificadora=000409&codPeriodo=201201&numArchivo=17&numVersion=1
2012 - MARZO,Seguros,Chubb Perú,Apoyo y Asociados Internacionales,A,9,https://extranet.sbs.gob.pe/iece/descargar?codClasificadora=000408&codPeriodo=201201&numArchivo=1&numVersion=1
2012 - MARZO,Seguros,Chubb Perú,PCR (Pacific Credit Rating),A,9,https://extranet.sbs.gob.pe/iece/descargar?codClasificadora=000409&codPeriodo=201201&numArchivo=24&numVersion=1
2012 - MARZO,Banco,CITIBANK DEL PERU,Apoyo y Asociados Internacionales,A,9,https://extranet.sbs.gob.pe/iece/descargar?codClasificadora=000408&codPeriodo=201201&numArchivo=18&numVersion=1
2012 - MARZO,Banco,CITIBANK DEL PERU,PCR (Pacific Credit Rating),A+,10,https://extranet.sbs.gob.pe/iece/descargar?codClasificadora=000409&codPeriodo=201201&numArchivo=3&numVersion=1
2012 - MARZO,Caja Municipal de Ahorro y Crédito,CMAC AREQUIPA,Apoyo y Asociados Internacionales,B+,7,https://extranet.sbs.gob.pe/iece/descargar?codClasificadora=000408&codPeriodo=201201&numArchivo=8&numVersion=1
2012 - MARZO,Caja Municipal de Ahorro y Crédito,CMAC AREQUIPA,Moodys Local PE Clasificadora de Riesgo,B+,7,https://extranet.sbs.gob.pe/iece/descargar?codClasificadora=000406&codPeriodo=201201&numArchivo=76&numVersion=1
2012 - MARZO,Caja Municipal de Ahorro y Crédito,CMAC CUSCO,Class y Asociados S.A.,B,6,https://extranet.sbs.gob.pe/iece/descargar?codClasificadora=000407&codPeriodo=201201&numArchivo=24&numVersion=1
2012 - MARZO,Caja Municipal de Ahorro y Crédito,CMAC CUSCO,Moodys Local PE Clasificadora de Riesgo,B,6,https://extranet.sbs.gob.pe/iece/descargar?codClasificadora=000406&codPeriodo=201201&numArchivo=38&numVersion=1
2012 - MARZO,Caja Municipal de Ahorro y Crédito,CMAC DEL SANTA,Apoyo y Asociados Internacionales,C-,2,https://extranet.sbs.gob.pe/iece/descargar?codClasificadora=000408&codPeriodo=201201&numArchivo=20&numVersion=1
2012 - MARZO,Caja Municipal de Ahorro y Crédito,CMAC DEL SANTA,Class y Asociados S.A.,C-,2,https://extranet.sbs.gob.pe/iece/descargar?codClasificadora=000407&codPeriodo=201201&numArchivo=52&numVersion=1
2012 - MARZO,Caja Municipal de Ahorro y Crédito,CMAC HUANCAYO,Class y Asociados S.A.,B,6,https://extranet.sbs.gob.pe/iece/descargar?codClasificadora=000407&codPeriodo=201201&numArchivo=22&numVersion=1
2012 - MARZO,Caja Municipal de Ahorro y Crédito,CMAC HUANCAYO,Moodys Local PE Clasificadora de Riesgo,B,6,https://extranet.sbs.gob.pe/iece/descargar?codClasificadora=000406&codPeriodo=201201&numArchivo=67&numVersion=1
2012 - MARZO,Caja Municipal de Ahorro y Crédito,CMAC ICA,Class y Asociados S.A.,C+,4,https://extranet.sbs.gob.pe/iece/descargar?codClasificadora=000407&codPeriodo=201201&numArchivo=7&numVersion=1
2012 - MARZO,Caja Municipal de Ahorro y Crédito,CMAC ICA,Moodys Local PE Clasificadora de Riesgo,C+,4,https://extranet.sbs.gob.pe/iece/descargar?codClasificadora=000406&codPeriodo=201201&numArchivo=48&numVersion=1
2012 - MARZO,Caja Municipal de Ahorro y Crédito,CMAC MAYNAS,Class y Asociados S.A.,C+,4,https://extranet.sbs.gob.pe/iece/descargar?codClasificadora=000407&codPeriodo=201201&numArchivo=8&numVersion=1
2012 - MARZO,Caja Municipal de Ahorro y Crédito,CMAC MAYNAS,Microrate,C+,4,https://extranet.sbs.gob.pe/iece/descargar?codClasificadora=000410&codPeriodo=201201&numArchivo=3&numVersion=1
2012 - MARZO,Caja Municipal de Ahorro y Crédito,CMAC PAITA,Class y Asociados S.A.,C-,2,https://extranet.sbs.gob.pe/iece/descargar?codClasificadora=000407&codPeriodo=201201&numArchivo=23&numVersion=1
2012 - MARZO,Caja Municipal de Ahorro y Crédito,CMAC PAITA,PCR (Pacific Credit Rating),C-,2,https://extranet.sbs.gob.pe/iece/descargar?codClasificadora=000409&codPeriodo=201201&numArchivo=8&numVersion=1
2012 - MARZO,Caja Municipal de Ahorro y Crédito,CMAC PISCO,Class y Asociados S.A.,C,3,https://extranet.sbs.gob.pe/iece/descargar?codClasificadora=000407&codPeriodo=201201&numArchivo=14&numVersion=1
2012 - MARZO,Caja Municipal de Ahorro y Crédito,CMAC PISCO,PCR (Pacific Credit Rating),C,3,https://extranet.sbs.gob.pe/iece/descargar?codClasificadora=000409&codPeriodo=201201&numArchivo=9&numVersion=1
2012 - MARZO,Caja Municipal de Ahorro y Crédito,CMAC PIURA,Class y Asociados S.A.,B-,5,https://extranet.sbs.gob.pe/iece/descargar?codClasificadora=000407&codPeriodo=201201&numArchivo=9&numVersion=1
2012 - MARZO,Caja Municipal de Ahorro y Crédito,CMAC PIURA,Moodys Local PE Clasificadora de Riesgo,B-,5,https://extranet.sbs.gob.pe/iece/descargar?codClasificadora=000406&codPeriodo=201201&numArchivo=47&numVersion=1
2012 - MARZO,Caja Municipal de Ahorro y Crédito,CMAC SULLANA,Class y Asociados S.A.,B,6,https://extranet.sbs.gob.pe/iece/descargar?codClasificadora=000407&codPeriodo=201201&numArchivo=12&numVersion=1
2012 - MARZO,Caja Municipal de Ahorro y Crédito,CMAC SULLANA,Moodys Local PE Clasificadora de Riesgo,B,6,https://extranet.sbs.gob.pe/iece/descargar?codClasificadora=000406&codPeriodo=201201&numArchivo=56&numVersion=1
2012 - MARZO,Caja Municipal de Ahorro y Crédito,CMAC TACNA,Class y Asociados S.A.,B-,5,https://extranet.sbs.gob.pe/iece/descargar?codClasificadora=000407&codPeriodo=201201&numArchivo=50&numVersion=1
2012 - MARZO,Caja Municipal de Ahorro y Crédito,CMAC TACNA,Moodys Local PE Clasificadora de Riesgo,B-,5,https://extranet.sbs.gob.pe/iece/descargar?codClasificadora=000406&codPeriodo=201201&numArchivo=40&numVersion=1
2012 - MARZO,Caja Municipal de Ahorro y Crédito,CMAC TRUJILLO,Class y Asociados S.A.,B-,5,https://extranet.sbs.gob.pe/iece/descargar?codClasificadora=000407&codPeriodo=201201&numArchivo=11&numVersion=1
2012 - MARZO,Caja Municipal de Ahorro y Crédito,CMAC TRUJILLO,Moodys Local PE Clasificadora de Riesgo,B-,5,https://extranet.sbs.gob.pe/iece/descargar?codClasificadora=000406&codPeriodo=201201&numArchivo=54&numVersion=1
2012 - MARZO,Caja Municipal de Ahorro y Crédito,CMCP LIMA,Apoyo y Asociados Internacionales,B,6,https://extranet.sbs.gob.pe/iece/descargar?codClasificadora=000408&codPeriodo=201201&numArchivo=17&numVersion=1
2012 - MARZO,Caja Municipal de Ahorro y Crédito,CMCP LIMA,Class y Asociados S.A.,B,6,https://extranet.sbs.gob.pe/iece/descargar?codClasificadora=000407&codPeriodo=201201&numArchivo=51&numVersion=1
2012 - MARZO,Banco,COFIDE,Apoyo y Asociados Internacionales,A,9,https://extranet.sbs.gob.pe/iece/descargar?codClasificadora=000408&codPeriodo=201201&numArchivo=5&numVersion=1
2012 - MARZO,Banco,COFIDE,Moodys Local PE Clasificadora de Riesgo,A+,10,https://extranet.sbs.gob.pe/iece/descargar?codClasificadora=000406&codPeriodo=201201&numArchivo=73&numVersion=1
2012 - MARZO,Banco,COMPARTAMOS BANCO,Apoyo y Asociados Internacionales,B,6,https://extranet.sbs.gob.pe/iece/descargar?codClasificadora=000408&codPeriodo=201201&numArchivo=11&numVersion=1
2012 - MARZO,Banco,COMPARTAMOS BANCO,Class y Asociados S.A.,B,6,https://extranet.sbs.gob.pe/iece/descargar?codClasificadora=000407&codPeriodo=201201&numArchivo=36&numVersion=1
2012 - MARZO,Caja Rural de Ahorro y Crédito,CR SR LUREN EL,Class y Asociados S.A.,C+,4,https://extranet.sbs.gob.pe/iece/descargar?codClasificadora=000407&codPeriodo=201201&numArchivo=27&numVersion=1
2012 - MARZO,Caja Rural de Ahorro y Crédito,CR SR LUREN EL,PCR (Pacific Credit Rating),C,3,https://extranet.sbs.gob.pe/iece/descargar?codClasificadora=000409&codPeriodo=201201&numArchivo=26&numVersion=1
2012 - MARZO,Caja Rural de Ahorro y Crédito,CRAC CAJAMARCA,Class y Asociados S.A.,C,3,https://extranet.sbs.gob.pe/iece/descargar?codClasificadora=000407&codPeriodo=201201&numArchivo=16&numVersion=1
2012 - MARZO,Caja Rural de Ahorro y Crédito,CRAC CAJAMARCA,PCR (Pacific Credit Rating),C-,2,https://extranet.sbs.gob.pe/iece/descargar?codClasificadora=000409&codPeriodo=201201&numArchivo=10&numVersion=1
2012 - MARZO,Caja Rural de Ahorro y Crédito,CRAC CREDINKA,Class y Asociados S.A.,B-,5,https://extranet.sbs.gob.pe/iece/descargar?codClasificadora=000407&codPeriodo=201201&numArchivo=53&numVersion=1
2012 - MARZO,Caja Rural de Ahorro y Crédito,CRAC CREDINKA,PCR (Pacific Credit Rating),B-,5,https://extranet.sbs.gob.pe/iece/descargar?codClasificadora=000409&codPeriodo=201201&numArchivo=15&numVersion=1
2012 - MARZO,Caja Rural de Ahorro y Crédito,CRAC LOS ANDES,Class y Asociados S.A.,B-,5,https://extranet.sbs.gob.pe/iece/descargar?codClasificadora=000407&codPeriodo=201201&numArchivo=18&numVersion=1
2012 - MARZO,Caja Rural de Ahorro y Crédito,CRAC LOS ANDES,PCR (Pacific Credit Rating),C+,4,https://extranet.sbs.gob.pe/iece/descargar?codClasificadora=000409&codPeriodo=201201&numArchivo=12&numVersion=1
2012 - MARZO,Caja Rural de Ahorro y Crédito,CRAC NUESTRA GENTE,Class y Asociados S.A.,B+,7,https://extranet.sbs.gob.pe/iece/descargar?codClasificadora=000407&codPeriodo=201201&numArchivo=26&numVersion=1
2012 - MARZO,Caja Rural de Ahorro y Crédito,CRAC NUESTRA GENTE,Moodys Local PE Clasificadora de Riesgo,B+,7,https://extranet.sbs.gob.pe/iece/descargar?codClasificadora=000406&codPeriodo=201201&numArchivo=65&numVersion=1
2012 - MARZO,Caja Rural de Ahorro y Crédito,CRAC PROFINANZAS,Apoyo y Asociados Internacionales,C,3,https://extranet.sbs.gob.pe/iece/descargar?codClasificadora=000408&codPeriodo=201201&numArchivo=15&numVersion=1
2012 - MARZO,Caja Rural de Ahorro y Crédito,CRAC PROFINANZAS,Class y Asociados S.A.,C,3,https://extranet.sbs.gob.pe/iece/descargar?codClasificadora=000407&codPeriodo=201201&numArchivo=19&numVersion=1
2012 - MARZO,Caja Rural de Ahorro y Crédito,CRAC PRYMERA,Class y Asociados S.A.,C,3,https://extranet.sbs.gob.pe/iece/descargar?codClasificadora=000407&codPeriodo=201201&numArchivo=31&numVersion=1
2012 - MARZO,Caja Rural de Ahorro y Crédito,CRAC PRYMERA,PCR (Pacific Credit Rating),D,0,https://extranet.sbs.gob.pe/iece/descargar?codClasificadora=000409&codPeriodo=201201&numArchivo=14&numVersion=1
2012 - MARZO,Caja Rural de Ahorro y Crédito,CRAC Raíz en Liquida,Class y Asociados S.A.,C-,2,https://extranet.sbs.gob.pe/iece/descargar?codClasificadora=000407&codPeriodo=201201&numArchivo=15&numVersion=1
2012 - MARZO,Caja Rural de Ahorro y Crédito,CRAC Raíz en Liquida,Moodys Local PE Clasificadora de Riesgo,C-,2,https://extranet.sbs.gob.pe/iece/descargar?codClasificadora=000406&codPeriodo=201201&numArchivo=42&numVersion=1
2012 - MARZO,Caja Rural de Ahorro y Crédito,CRAC SIPAN LIQUID.,Class y Asociados S.A.,C,3,https://extranet.sbs.gob.pe/iece/descargar?codClasificadora=000407&codPeriodo=201201&numArchivo=54&numVersion=1
2012 - MARZO,Caja Rural de Ahorro y Crédito,CRAC SIPAN LIQUID.,Moodys Local PE Clasificadora de Riesgo,C-,2,https://extranet.sbs.gob.pe/iece/descargar?codClasificadora=000406&codPeriodo=201201&numArchivo=41&numVersion=1
2012 - MARZO,Banco,DEUTSCHE BANK PERU,Apoyo y Asociados Internacionales,A,9,https://extranet.sbs.gob.pe/iece/descargar?codClasificadora=000408&codPeriodo=201201&numArchivo=13&numVersion=1
2012 - MARZO,Banco,DEUTSCHE BANK PERU,Moodys Local PE Clasificadora de Riesgo,A-,8,https://extranet.sbs.gob.pe/iece/descargar?codClasificadora=000406&codPeriodo=201201&numArchivo=60&numVersion=1
2012 - MARZO,Empresa de Créditos,EDPYME CREDIVISION,Microrate,C-,2,https://extranet.sbs.gob.pe/iece/descargar?codClasificadora=000410&codPeriodo=201201&numArchivo=1&numVersion=2
2012 - MARZO,Empresa de Créditos,EDPYME RAIZ,Class y Asociados S.A.,B-,5,https://extranet.sbs.gob.pe/iece/descargar?codClasificadora=000407&codPeriodo=201201&numArchivo=55&numVersion=1
2012 - MARZO,Financiera,FINANC. CREDINKA,Class y Asociados S.A.,C+,4,https://extranet.sbs.gob.pe/iece/descargar?codClasificadora=000407&codPeriodo=201201&numArchivo=28&numVersion=1
2012 - MARZO,Financiera,FINANC. CREDINKA,Moodys Local PE Clasificadora de Riesgo,C,3,https://extranet.sbs.gob.pe/iece/descargar?codClasificadora=000406&codPeriodo=201201&numArchivo=57&numVersion=1
2012 - MARZO,Financiera,FINANC. PROEMPRESA,Class y Asociados S.A.,B-,5,https://extranet.sbs.gob.pe/iece/descargar?codClasificadora=000407&codPeriodo=201201&numArchivo=29&numVersion=1
2012 - MARZO,Financiera,FINANC. PROEMPRESA,Moodys Local PE Clasificadora de Riesgo,C+,4,https://extranet.sbs.gob.pe/iece/descargar?codClasificadora=000406&codPeriodo=201201&numArchivo=70&numVersion=1
2012 - MARZO,Financiera,FINANCIERA CONFIANZA,Class y Asociados S.A.,B+,7,https://extranet.sbs.gob.pe/iece/descargar?codClasificadora=000407&codPeriodo=201201&numArchivo=4&numVersion=1
2012 - MARZO,Financiera,FINANCIERA CONFIANZA,Moodys Local PE Clasificadora de Riesgo,B,6,https://extranet.sbs.gob.pe/iece/descargar?codClasificadora=000406&codPeriodo=201201&numArchivo=45&numVersion=1
2012 - MARZO,Financiera,FINANCIERA EDYFICAR,Apoyo y Asociados Internacionales,A-,8,https://extranet.sbs.gob.pe/iece/descargar?codClasificadora=000408&codPeriodo=201201&numArchivo=12&numVersion=1
2012 - MARZO,Financiera,FINANCIERA EDYFICAR,Moodys Local PE Clasificadora de Riesgo,A-,8,https://extranet.sbs.gob.pe/iece/descargar?codClasificadora=000406&codPeriodo=201201&numArchivo=72&numVersion=1
2012 - MARZO,Financiera,FINANCIERA QAPAQ,Class y Asociados S.A.,B+,7,https://extranet.sbs.gob.pe/iece/descargar?codClasificadora=000407&codPeriodo=201201&numArchivo=38&numVersion=1
2012 - MARZO,Financiera,FINANCIERA TFC EL,Class y Asociados S.A.,B,6,https://extranet.sbs.gob.pe/iece/descargar?codClasificadora=000407&codPeriodo=201201&numArchivo=37&numVersion=1
2012 - MARZO,Financiera,FINANCIERA TFC EL,PCR (Pacific Credit Rating),B+,7,https://extranet.sbs.gob.pe/iece/descargar?codClasificadora=000409&codPeriodo=201201&numArchivo=16&numVersion=1
2012 - MARZO,Fondo,FONDO MIVIVIENDA,Apoyo y Asociados Internacionales,A,9,https://extranet.sbs.gob.pe/iece/descargar?codClasificadora=000408&codPeriodo=201201&numArchivo=22&numVersion=1
2012 - MARZO,Fondo,FONDO MIVIVIENDA,Class y Asociados S.A.,A,9,https://extranet.sbs.gob.pe/iece/descargar?codClasificadora=000407&codPeriodo=201201&numArchivo=33&numVersion=1
2012 - MARZO,Seguros,Insur,Class y Asociados S.A.,A-,8,https://extranet.sbs.gob.pe/iece/descargar?codClasificadora=000407&codPeriodo=201201&numArchivo=46&numVersion=1
2012 - MARZO,Seguros,Insur,PCR (Pacific Credit Rating),B+,7,https://extranet.sbs.gob.pe/iece/descargar?codClasificadora=000409&codPeriodo=201201&numArchivo=25&numVersion=1
2012 - MARZO,Banco,INTERBANK,Apoyo y Asociados Internacionales,A,9,https://extranet.sbs.gob.pe/iece/descargar?codClasificadora=000408&codPeriodo=201201&numArchivo=19&numVersion=1
2012 - MARZO,Banco,INTERBANK,Class y Asociados S.A.,A+,10,https://extranet.sbs.gob.pe/iece/descargar?codClasificadora=000407&codPeriodo=201201&numArchivo=20&numVersion=1
2012 - MARZO,Banco,INTERBANK,Moodys Local PE Clasificadora de Riesgo,A,9,https://extranet.sbs.gob.pe/iece/descargar?codClasificadora=000406&codPeriodo=201201&numArchivo=71&numVersion=1
2012 - MARZO,Seguros,Interseguro,Class y Asociados S.A.,A,9,https://extranet.sbs.gob.pe/iece/descargar?codClasificadora=000407&codPeriodo=201201&numArchivo=41&numVersion=1
2012 - MARZO,Seguros,Interseguro,Moodys Local PE Clasificadora de Riesgo,A,9,https://extranet.sbs.gob.pe/iece/descargar?codClasificadora=000406&codPeriodo=201201&numArchivo=63&numVersion=1
2012 - MARZO,Seguros,La Positiva,Class y Asociados S.A.,A-,8,https://extranet.sbs.gob.pe/iece/descargar?codClasificadora=000407&codPeriodo=201201&numArchivo=47&numVersion=1
2012 - MARZO,Seguros,La Positiva,PCR (Pacific Credit Rating),A-,8,https://extranet.sbs.gob.pe/iece/descargar?codClasificadora=000409&codPeriodo=201201&numArchivo=22&numVersion=1
2012 - MARZO,Seguros,La Positiva Vida,Class y Asociados S.A.,A-,8,https://extranet.sbs.gob.pe/iece/descargar?codClasificadora=000407&codPeriodo=201201&numArchivo=48&numVersion=1
2012 - MARZO,Seguros,La Positiva Vida,PCR (Pacific Credit Rating),A-,8,https://extranet.sbs.gob.pe/iece/descargar?codClasificadora=000409&codPeriodo=201201&numArchivo=23&numVersion=1
2012 - MARZO,Seguros,Mapfre Perú,Class y Asociados S.A.,A,9,https://extranet.sbs.gob.pe/iece/descargar?codClasificadora=000407&codPeriodo=201201&numArchivo=44&numVersion=1
2012 - MARZO,Seguros,Mapfre Perú,PCR (Pacific Credit Rating),A+,10,https://extranet.sbs.gob.pe/iece/descargar?codClasificadora=000409&codPeriodo=201201&numArchivo=21&numVersion=1
2012 - MARZO,Seguros,Mapfre Peru (Abs),Class y Asociados S.A.,A,9,https://extranet.sbs.gob.pe/iece/descargar?codClasificadora=000407&codPeriodo=201201&numArchivo=43&numVersion=1
2012 - MARZO,Seguros,Mapfre Peru (Abs),PCR (Pacific Credit Rating),A,9,https://extranet.sbs.gob.pe/iece/descargar?codClasificadora=000409&codPeriodo=201201&numArchivo=20&numVersion=1
2012 - MARZO,Banco,MIBANCO,Class y Asociados S.A.,A,9,https://extranet.sbs.gob.pe/iece/descargar?codClasificadora=000407&codPeriodo=201201&numArchivo=21&numVersion=1
2012 - MARZO,Banco,MIBANCO,PCR (Pacific Credit Rating),A,9,https://extranet.sbs.gob.pe/iece/descargar?codClasificadora=000409&codPeriodo=201201&numArchivo=5&numVersion=1
2012 - MARZO,Banco,NACION,Apoyo y Asociados Internacionales,A,9,https://extranet.sbs.gob.pe/iece/descargar?codClasificadora=000408&codPeriodo=201201&numArchivo=24&numVersion=1
2012 - MARZO,Banco,NACION,Moodys Local PE Clasificadora de Riesgo,A,9,https://extranet.sbs.gob.pe/iece/descargar?codClasificadora=000406&codPeriodo=201201&numArchivo=69&numVersion=1
2012 - MARZO,Seguros,Pacífico Seguros,Apoyo y Asociados Internacionales,A+,10,https://extranet.sbs.gob.pe/iece/descargar?codClasificadora=000408&codPeriodo=201201&numArchivo=6&numVersion=1
2012 - MARZO,Seguros,Pacífico Seguros,Moodys Local PE Clasificadora de Riesgo,A+,10,https://extranet.sbs.gob.pe/iece/descargar?codClasificadora=000406&codPeriodo=201201&numArchivo=49&numVersion=1
2012 - MARZO,Seguros,Pacifico Seguros-Abs,Apoyo y Asociados Internacionales,A,9,https://extranet.sbs.gob.pe/iece/descargar?codClasificadora=000408&codPeriodo=201201&numArchivo=3&numVersion=1
2012 - MARZO,Seguros,Pacifico Seguros-Abs,Moodys Local PE Clasificadora de Riesgo,A,9,https://extranet.sbs.gob.pe/iece/descargar?codClasificadora=000406&codPeriodo=201201&numArchivo=62&numVersion=1
2012 - MARZO,Seguros,Protecta,Class y Asociados S.A.,A-,8,https://extranet.sbs.gob.pe/iece/descargar?codClasificadora=000407&codPeriodo=201201&numArchivo=32&numVersion=1
2012 - MARZO,Seguros,Protecta,PCR (Pacific Credit Rating),A,9,https://extranet.sbs.gob.pe/iece/descargar?codClasificadora=000409&codPeriodo=201201&numArchivo=18&numVersion=1
2012 - MARZO,Seguros,Rímac Seguros,Apoyo y Asociados Internacionales,A+,10,https://extranet.sbs.gob.pe/iece/descargar?codClasificadora=000408&codPeriodo=201201&numArchivo=2&numVersion=1
2012 - MARZO,Seguros,Rímac Seguros,Moodys Local PE Clasificadora de Riesgo,A+,10,https://extranet.sbs.gob.pe/iece/descargar?codClasificadora=000406&codPeriodo=201201&numArchivo=58&numVersion=1
2012 - MARZO,Banco,SANTANDER PERU,Moodys Local PE Clasificadora de Riesgo,A,9,https://extranet.sbs.gob.pe/iece/descargar?codClasificadora=000406&codPeriodo=201201&numArchivo=59&numVersion=1
2012 - MARZO,Banco,SANTANDER PERU,PCR (Pacific Credit Rating),A,9,https://extranet.sbs.gob.pe/iece/descargar?codClasificadora=000409&codPeriodo=201201&numArchivo=4&numVersion=1
2012 - MARZO,Banco,SCOTIABANK PERU,Apoyo y Asociados Internacionales,A+,10,https://extranet.sbs.gob.pe/iece/descargar?codClasificadora=000408&codPeriodo=201201&numArchivo=23&numVersion=1
2012 - MARZO,Banco,SCOTIABANK PERU,Class y Asociados S.A.,A+,10,https://extranet.sbs.gob.pe/iece/descargar?codClasificadora=000407&codPeriodo=201201&numArchivo=49&numVersion=1
2012 - MARZO,Seguros,SEGUROS SURA,Class y Asociados S.A.,A,9,https://extranet.sbs.gob.pe/iece/descargar?codClasificadora=000407&codPeriodo=201201&numArchivo=42&numVersion=1
2012 - MARZO,Seguros,SEGUROS SURA,Moodys Local PE Clasificadora de Riesgo,A,9,https://extranet.sbs.gob.pe/iece/descargar?codClasificadora=000406&codPeriodo=201201&numArchivo=52&numVersion=1
2018 - SEPTIEMBRE,Empresa de Créditos,ACCESO CREDITICIO,Apoyo y Asociados Internacionales,B,6,https://extranet.sbs.gob.pe/iece/descargar?codClasificadora=000408&codPeriodo=201802&numArchivo=27&numVersion=1
2018 - SEPTIEMBRE,Banco,AGROBANCO,Apoyo y Asociados Internacionales,B,6,https://extranet.sbs.gob.pe/iece/descargar?codClasificadora=000408&codPeriodo=201802&numArchivo=10&numVersion=1
2018 - SEPTIEMBRE,Banco,ALFIN BANCO,Class y Asociados S.A.,B-,5,https://extranet.sbs.gob.pe/iece/descargar?codClasificadora=000407&codPeriodo=201802&numArchivo=1&numVersion=1
2018 - SEPTIEMBRE,Banco,ALFIN BANCO,Moodys Local PE Clasificadora de Riesgo,B-,5,https://extranet.sbs.gob.pe/iece/descargar?codClasificadora=000406&codPeriodo=201802&numArchivo=41&numVersion=1
2018 - SEPTIEMBRE,Financiera,AMERIKA FINANC. EL,Class y Asociados S.A.,B,6,https://extranet.sbs.gob.pe/iece/descargar?codClasificadora=000407&codPeriodo=201802&numArchivo=17&numVersion=1
2018 - SEPTIEMBRE,Seguros,AuguStar Seguros,Apoyo y Asociados Internacionales,A-,8,https://extranet.sbs.gob.pe/iece/descargar?codClasificadora=000408&codPeriodo=201802&numArchivo=17&numVersion=1
2018 - SEPTIEMBRE,Seguros,AuguStar Seguros,PCR (Pacific Credit Rating),A-,8,https://extranet.sbs.gob.pe/iece/descargar?codClasificadora=000409&codPeriodo=201802&numArchivo=3&numVersion=1
2018 - SEPTIEMBRE,Seguros,AVLA Perú,Class y Asociados S.A.,A-,8,https://extranet.sbs.gob.pe/iece/descargar?codClasificadora=000407&codPeriodo=201802&numArchivo=35&numVersion=1
2018 - SEPTIEMBRE,Seguros,AVLA Perú,PCR (Pacific Credit Rating),A-,8,https://extranet.sbs.gob.pe/iece/descargar?codClasificadora=000409&codPeriodo=201802&numArchivo=9&numVersion=1
2018 - SEPTIEMBRE,Banco,BANBIF,Class y Asociados S.A.,A+,10,https://extranet.sbs.gob.pe/iece/descargar?codClasificadora=000407&codPeriodo=201802&numArchivo=16&numVersion=1
2018 - SEPTIEMBRE,Banco,BANBIF,PCR (Pacific Credit Rating),A+,10,https://extranet.sbs.gob.pe/iece/descargar?codClasificadora=000409&codPeriodo=201802&numArchivo=24&numVersion=1
2018 - SEPTIEMBRE,Banco,BANCO DE CREDITO,Apoyo y Asociados Internacionales,A+,10,https://extranet.sbs.gob.pe/iece/descargar?codClasificadora=000408&codPeriodo=201802&numArchivo=35&numVersion=1
2018 - SEPTIEMBRE,Banco,BANCO DE CREDITO,Moodys Local PE Clasificadora de Riesgo,A+,10,https://extranet.sbs.gob.pe/iece/descargar?codClasificadora=000406&codPeriodo=201802&numArchivo=33&numVersion=2
2018 - SEPTIEMBRE,Banco,BANCO EFECTIVA,Apoyo y Asociados Internacionales,B+,7,https://extranet.sbs.gob.pe/iece/descargar?codClasificadora=000408&codPeriodo=201802&numArchivo=6&numVersion=1
2018 - SEPTIEMBRE,Banco,BANCO EFECTIVA,Class y Asociados S.A.,B+,7,https://extranet.sbs.gob.pe/iece/descargar?codClasificadora=000407&codPeriodo=201802&numArchivo=7&numVersion=1
2018 - SEPTIEMBRE,Banco,BANCO FALABELLA,Class y Asociados S.A.,A,9,https://extranet.sbs.gob.pe/iece/descargar?codClasificadora=000407&codPeriodo=201802&numArchivo=15&numVersion=1
2018 - SEPTIEMBRE,Banco,BANCO FALABELLA,Moodys Local PE Clasificadora de Riesgo,A-,8,https://extranet.sbs.gob.pe/iece/descargar?codClasificadora=000406&codPeriodo=201802&numArchivo=47&numVersion=1
2018 - SEPTIEMBRE,Banco,BANCO GNB,Class y Asociados S.A.,A,9,https://extranet.sbs.gob.pe/iece/descargar?codClasificadora=000407&codPeriodo=201802&numArchivo=2&numVersion=1
2018 - SEPTIEMBRE,Banco,BANCO GNB,PCR (Pacific Credit Rating),A,9,https://extranet.sbs.gob.pe/iece/descargar?codClasificadora=000409&codPeriodo=201802&numArchivo=27&numVersion=1
2018 - SEPTIEMBRE,Banco,BANCO PICHINCHA,Class y Asociados S.A.,A-,8,https://extranet.sbs.gob.pe/iece/descargar?codClasificadora=000407&codPeriodo=201802&numArchivo=4&numVersion=1
2018 - SEPTIEMBRE,Banco,BANCO PICHINCHA,PCR (Pacific Credit Rating),A,9,https://extranet.sbs.gob.pe/iece/descargar?codClasificadora=000409&codPeriodo=201802&numArchivo=28&numVersion=1
2018 - SEPTIEMBRE,Banco,BANCO RIPLEY,Class y Asociados S.A.,A-,8,https://extranet.sbs.gob.pe/iece/descargar?codClasificadora=000407&codPeriodo=201802&numArchivo=5&numVersion=1
2018 - SEPTIEMBRE,Banco,BANCO RIPLEY,Moodys Local PE Clasificadora de Riesgo,A-,8,https://extranet.sbs.gob.pe/iece/descargar?codClasificadora=000406&codPeriodo=201802&numArchivo=29&numVersion=1
2018 - SEPTIEMBRE,Banco,BANCOM,Moodys Local PE Clasificadora de Riesgo,B+,7,https://extranet.sbs.gob.pe/iece/descargar?codClasificadora=000406&codPeriodo=201802&numArchivo=45&numVersion=1
2018 - SEPTIEMBRE,Banco,BANCOM,PCR (Pacific Credit Rating),B+,7,https://extranet.sbs.gob.pe/iece/descargar?codClasificadora=000409&codPeriodo=201802&numArchivo=26&numVersion=1
2018 - SEPTIEMBRE,Banco,BBVA,Apoyo y Asociados Internacionales,A+,10,https://extranet.sbs.gob.pe/iece/descargar?codClasificadora=000408&codPeriodo=201802&numArchivo=37&numVersion=1
2018 - SEPTIEMBRE,Banco,BBVA,Moodys Local PE Clasificadora de Riesgo,A+,10,https://extranet.sbs.gob.pe/iece/descargar?codClasificadora=000406&codPeriodo=201802&numArchivo=48&numVersion=1
2018 - SEPTIEMBRE,Banco,BBVA,PCR (Pacific Credit Rating),A+,10,https://extranet.sbs.gob.pe/iece/descargar?codClasificadora=000409&codPeriodo=201802&numArchivo=25&numVersion=1
2018 - SEPTIEMBRE,Banco,BN. SANTANDER CONS.,Apoyo y Asociados Internacionales,A,9,https://extranet.sbs.gob.pe/iece/descargar?codClasificadora=000408&codPeriodo=201802&numArchivo=30&numVersion=1
2018 - SEPTIEMBRE,Banco,BN. SANTANDER CONS.,Moodys Local PE Clasificadora de Riesgo,A,9,https://extranet.sbs.gob.pe/iece/descargar?codClasificadora=000406&codPeriodo=201802&numArchivo=34&numVersion=1
2018 - SEPTIEMBRE,Seguros,BNP Paribas Cardif,Class y Asociados S.A.,A,9,https://extranet.sbs.gob.pe/iece/descargar?codClasificadora=000407&codPeriodo=201802&numArchivo=36&numVersion=1
2018 - SEPTIEMBRE,Seguros,BNP Paribas Cardif,PCR (Pacific Credit Rating),A,9,https://extranet.sbs.gob.pe/iece/descargar?codClasificadora=000409&codPeriodo=201802&numArchivo=7&numVersion=1
2018 - SEPTIEMBRE,Seguros,Cesce,Class y Asociados S.A.,A,9,https://extranet.sbs.gob.pe/iece/descargar?codClasificadora=000407&codPeriodo=201802&numArchivo=14&numVersion=1
2018 - SEPTIEMBRE,Seguros,Cesce,PCR (Pacific Credit Rating),A,9,https://extranet.sbs.gob.pe/iece/descargar?codClasificadora=000409&codPeriodo=201802&numArchivo=21&numVersion=1
2018 - SEPTIEMBRE,Seguros,Chubb Perú,Apoyo y Asociados Internacionales,A,9,https://extranet.sbs.gob.pe/iece/descargar?codClasificadora=000408&codPeriodo=201802&numArchivo=36&numVersion=1
2018 - SEPTIEMBRE,Seguros,Chubb Perú,PCR (Pacific Credit Rating),A,9,https://extranet.sbs.gob.pe/iece/descargar?codClasificadora=000409&codPeriodo=201802&numArchivo=1&numVersion=1
2018 - SEPTIEMBRE,Banco,CITIBANK DEL PERU,Apoyo y Asociados Internacionales,A+,10,https://extranet.sbs.gob.pe/iece/descargar?codClasificadora=000408&codPeriodo=201802&numArchivo=8&numVersion=1
2018 - SEPTIEMBRE,Banco,CITIBANK DEL PERU,PCR (Pacific Credit Rating),A+,10,https://extranet.sbs.gob.pe/iece/descargar?codClasificadora=000409&codPeriodo=201802&numArchivo=29&numVersion=1
2018 - SEPTIEMBRE,Caja Municipal de Ahorro y Crédito,CMAC AREQUIPA,Apoyo y Asociados Internacionales,B+,7,https://extranet.sbs.gob.pe/iece/descargar?codClasificadora=000408&codPeriodo=201802&numArchivo=20&numVersion=1
2018 - SEPTIEMBRE,Caja Municipal de Ahorro y Crédito,CMAC AREQUIPA,Moodys Local PE Clasificadora de Riesgo,B+,7,https://extranet.sbs.gob.pe/iece/descargar?codClasificadora=000406&codPeriodo=201802&numArchivo=30&numVersion=1
2018 - SEPTIEMBRE,Caja Municipal de Ahorro y Crédito,CMAC CUSCO,Apoyo y Asociados Internacionales,B+,7,https://extranet.sbs.gob.pe/iece/descargar?codClasificadora=000408&codPeriodo=201802&numArchivo=23&numVersion=1
2018 - SEPTIEMBRE,Caja Municipal de Ahorro y Crédito,CMAC CUSCO,Class y Asociados S.A.,B+,7,https://extranet.sbs.gob.pe/iece/descargar?codClasificadora=000407&codPeriodo=201802&numArchivo=33&numVersion=1
2018 - SEPTIEMBRE,Caja Municipal de Ahorro y Crédito,CMAC CUSCO,Moodys Local PE Clasificadora de Riesgo,B+,7,https://extranet.sbs.gob.pe/iece/descargar?codClasificadora=000406&codPeriodo=201802&numArchivo=38&numVersion=1
2018 - SEPTIEMBRE,Caja Municipal de Ahorro y Crédito,CMAC DEL SANTA,Apoyo y Asociados Internacionales,D+,1,https://extranet.sbs.gob.pe/iece/descargar?codClasificadora=000408&codPeriodo=201802&numArchivo=26&numVersion=1
2018 - SEPTIEMBRE,Caja Municipal de Ahorro y Crédito,CMAC DEL SANTA,Microrate,D,0,https://extranet.sbs.gob.pe/iece/descargar?codClasificadora=000410&codPeriodo=201802&numArchivo=2&numVersion=1
2018 - SEPTIEMBRE,Caja Municipal de Ahorro y Crédito,CMAC HUANCAYO,Class y Asociados S.A.,B+,7,https://extranet.sbs.gob.pe/iece/descargar?codClasificadora=000407&codPeriodo=201802&numArchivo=22&numVersion=1
2018 - SEPTIEMBRE,Caja Municipal de Ahorro y Crédito,CMAC HUANCAYO,Moodys Local PE Clasificadora de Riesgo,B+,7,https://extranet.sbs.gob.pe/iece/descargar?codClasificadora=000406&codPeriodo=201802&numArchivo=35&numVersion=1
2018 - SEPTIEMBRE,Caja Municipal de Ahorro y Crédito,CMAC ICA,Class y Asociados S.A.,B-,5,https://extranet.sbs.gob.pe/iece/descargar?codClasificadora=000407&codPeriodo=201802&numArchivo=23&numVersion=1
2018 - SEPTIEMBRE,Caja Municipal de Ahorro y Crédito,CMAC ICA,Moodys Local PE Clasificadora de Riesgo,C+,4,https://extranet.sbs.gob.pe/iece/descargar?codClasificadora=000406&codPeriodo=201802&numArchivo=51&numVersion=1
2018 - SEPTIEMBRE,Caja Municipal de Ahorro y Crédito,CMAC MAYNAS,Class y Asociados S.A.,C+,4,https://extranet.sbs.gob.pe/iece/descargar?codClasificadora=000407&codPeriodo=201802&numArchivo=11&numVersion=1
2018 - SEPTIEMBRE,Caja Municipal de Ahorro y Crédito,CMAC MAYNAS,PCR (Pacific Credit Rating),C+,4,https://extranet.sbs.gob.pe/iece/descargar?codClasificadora=000409&codPeriodo=201802&numArchivo=15&numVersion=1
2018 - SEPTIEMBRE,Caja Municipal de Ahorro y Crédito,CMAC PAITA,Class y Asociados S.A.,D+,1,https://extranet.sbs.gob.pe/iece/descargar?codClasificadora=000407&codPeriodo=201802&numArchivo=45&numVersion=1
2018 - SEPTIEMBRE,Caja Municipal de Ahorro y Crédito,CMAC PAITA,Microrate,D+,1,https://extranet.sbs.gob.pe/iece/descargar?codClasificadora=000410&codPeriodo=201802&numArchivo=3&numVersion=1
2018 - SEPTIEMBRE,Caja Municipal de Ahorro y Crédito,CMAC PIURA,Class y Asociados S.A.,B-,5,https://extranet.sbs.gob.pe/iece/descargar?codClasificadora=000407&codPeriodo=201802&numArchivo=46&numVersion=1
2018 - SEPTIEMBRE,Caja Municipal de Ahorro y Crédito,CMAC PIURA,Microrate,B,6,https://extranet.sbs.gob.pe/iece/descargar?codClasificadora=000410&codPeriodo=201802&numArchivo=4&numVersion=1
2018 - SEPTIEMBRE,Caja Municipal de Ahorro y Crédito,CMAC SULLANA,Class y Asociados S.A.,C+,4,https://extranet.sbs.gob.pe/iece/descargar?codClasificadora=000407&codPeriodo=201802&numArchivo=34&numVersion=1
2018 - SEPTIEMBRE,Caja Municipal de Ahorro y Crédito,CMAC SULLANA,Microrate,C+,4,https://extranet.sbs.gob.pe/iece/descargar?codClasificadora=000410&codPeriodo=201802&numArchivo=5&numVersion=1
2018 - SEPTIEMBRE,Caja Municipal de Ahorro y Crédito,CMAC TACNA,Class y Asociados S.A.,C+,4,https://extranet.sbs.gob.pe/iece/descargar?codClasificadora=000407&codPeriodo=201802&numArchivo=24&numVersion=1
2018 - SEPTIEMBRE,Caja Municipal de Ahorro y Crédito,CMAC TACNA,Moodys Local PE Clasificadora de Riesgo,C+,4,https://extranet.sbs.gob.pe/iece/descargar?codClasificadora=000406&codPeriodo=201802&numArchivo=28&numVersion=1
2018 - SEPTIEMBRE,Caja Municipal de Ahorro y Crédito,CMAC TRUJILLO,Apoyo y Asociados Internacionales,B,6,https://extranet.sbs.gob.pe/iece/descargar?codClasificadora=000408&codPeriodo=201802&numArchivo=22&numVersion=1
2018 - SEPTIEMBRE,Caja Municipal de Ahorro y Crédito,CMAC TRUJILLO,Class y Asociados S.A.,B,6,https://extranet.sbs.gob.pe/iece/descargar?codClasificadora=000407&codPeriodo=201802&numArchivo=25&numVersion=1
2018 - SEPTIEMBRE,Caja Municipal de Ahorro y Crédito,CMAC TRUJILLO,Moodys Local PE Clasificadora de Riesgo,B-,5,https://extranet.sbs.gob.pe/iece/descargar?codClasificadora=000406&codPeriodo=201802&numArchivo=50&numVersion=1
2018 - SEPTIEMBRE,Caja Municipal de Ahorro y Crédito,CMCP LIMA,Apoyo y Asociados Internacionales,C-,2,https://extranet.sbs.gob.pe/iece/descargar?codClasificadora=000408&codPeriodo=201802&numArchivo=41&numVersion=1
2018 - SEPTIEMBRE,Caja Municipal de Ahorro y Crédito,CMCP LIMA,Class y Asociados S.A.,C-,2,https://extranet.sbs.gob.pe/iece/descargar?codClasificadora=000407&codPeriodo=201802&numArchivo=44&numVersion=1
2018 - SEPTIEMBRE,Seguros,COFACE EL,Class y Asociados S.A.,B+,7,https://extranet.sbs.gob.pe/iece/descargar?codClasificadora=000407&codPeriodo=201802&numArchivo=27&numVersion=1
2018 - SEPTIEMBRE,Seguros,COFACE EL,PCR (Pacific Credit Rating),A-,8,https://extranet.sbs.gob.pe/iece/descargar?codClasificadora=000409&codPeriodo=201802&numArchivo=13&numVersion=1
2018 - SEPTIEMBRE,Banco,COFIDE,Apoyo y Asociados Internacionales,A,9,https://extranet.sbs.gob.pe/iece/descargar?codClasificadora=000408&codPeriodo=201802&numArchivo=11&numVersion=1
2018 - SEPTIEMBRE,Banco,COFIDE,Moodys Local PE Clasificadora de Riesgo,A,9,https://extranet.sbs.gob.pe/iece/descargar?codClasificadora=000406&codPeriodo=201802&numArchivo=42&numVersion=1
2018 - SEPTIEMBRE,Banco,COMPARTAMOS BANCO,Apoyo y Asociados Internacionales,B+,7,https://extranet.sbs.gob.pe/iece/descargar?codClasificadora=000408&codPeriodo=201802&numArchivo=12&numVersion=1
2018 - SEPTIEMBRE,Banco,COMPARTAMOS BANCO,Class y Asociados S.A.,A-,8,https://extranet.sbs.gob.pe/iece/descargar?codClasificadora=000407&codPeriodo=201802&numArchivo=18&numVersion=1
2018 - SEPTIEMBRE,Caja Rural de Ahorro y Crédito,CRAC CENCOSUD SCOTIA,Apoyo y Asociados Internacionales,B+,7,https://extranet.sbs.gob.pe/iece/descargar?codClasificadora=000408&codPeriodo=201802&numArchivo=29&numVersion=1
2018 - SEPTIEMBRE,Caja Rural de Ahorro y Crédito,CRAC CENCOSUD SCOTIA,Moodys Local PE Clasificadora de Riesgo,B+,7,https://extranet.sbs.gob.pe/iece/descargar?codClasificadora=000406&codPeriodo=201802&numArchivo=39&numVersion=1
2018 - SEPTIEMBRE,Caja Rural de Ahorro y Crédito,CRAC DEL CENTRO,Class y Asociados S.A.,C,3,https://extranet.sbs.gob.pe/iece/descargar?codClasificadora=000407&codPeriodo=201802&numArchivo=9&numVersion=1
2018 - SEPTIEMBRE,Caja Rural de Ahorro y Crédito,CRAC DEL CENTRO,PCR (Pacific Credit Rating),C,3,https://extranet.sbs.gob.pe/iece/descargar?codClasificadora=000409&codPeriodo=201802&numArchivo=10&numVersion=1
2018 - SEPTIEMBRE,Caja Rural de Ahorro y Crédito,CRAC INCASUR,Apoyo y Asociados Internacionales,C,3,https://extranet.sbs.gob.pe/iece/descargar?codClasificadora=000408&codPeriodo=201802&numArchivo=21&numVersion=1
2018 - SEPTIEMBRE,Caja Rural de Ahorro y Crédito,CRAC INCASUR,Class y Asociados S.A.,C,3,https://extranet.sbs.gob.pe/iece/descargar?codClasificadora=000407&codPeriodo=201802&numArchivo=12&numVersion=1
2018 - SEPTIEMBRE,Caja Rural de Ahorro y Crédito,CRAC LOS ANDES,Class y Asociados S.A.,B-,5,https://extranet.sbs.gob.pe/iece/descargar?codClasificadora=000407&codPeriodo=201802&numArchivo=10&numVersion=1
2018 - SEPTIEMBRE,Caja Rural de Ahorro y Crédito,CRAC LOS ANDES,PCR (Pacific Credit Rating),B-,5,https://extranet.sbs.gob.pe/iece/descargar?codClasificadora=000409&codPeriodo=201802&numArchivo=11&numVersion=1
2018 - SEPTIEMBRE,Caja Rural de Ahorro y Crédito,CRAC PRYMERA,Apoyo y Asociados Internacionales,C,3,https://extranet.sbs.gob.pe/iece/descargar?codClasificadora=000408&codPeriodo=201802&numArchivo=3&numVersion=1
2018 - SEPTIEMBRE,Caja Rural de Ahorro y Crédito,CRAC PRYMERA,Class y Asociados S.A.,C,3,https://extranet.sbs.gob.pe/iece/descargar?codClasificadora=000407&codPeriodo=201802&numArchivo=32&numVersion=1
2018 - SEPTIEMBRE,Caja Rural de Ahorro y Crédito,CRAC Raíz en Liquida,Apoyo y Asociados Internacionales,B-,5,https://extranet.sbs.gob.pe/iece/descargar?codClasificadora=000408&codPeriodo=201802&numArchivo=40&numVersion=1
2018 - SEPTIEMBRE,Caja Rural de Ahorro y Crédito,CRAC Raíz en Liquida,PCR (Pacific Credit Rating),B,6,https://extranet.sbs.gob.pe/iece/descargar?codClasificadora=000409&codPeriodo=201802&numArchivo=12&numVersion=1
2018 - SEPTIEMBRE,Caja Rural de Ahorro y Crédito,CRAC SIPAN LIQUID.,Class y Asociados S.A.,D+,1,https://extranet.sbs.gob.pe/iece/descargar?codClasificadora=000407&codPeriodo=201802&numArchivo=26&numVersion=1
2018 - SEPTIEMBRE,Caja Rural de Ahorro y Crédito,CRAC SIPAN LIQUID.,Microrate,D+,1,https://extranet.sbs.gob.pe/iece/descargar?codClasificadora=000410&codPeriodo=201802&numArchivo=1&numVersion=1
2018 - SEPTIEMBRE,Seguros,Crecer Seguros,Class y Asociados S.A.,B+,7,https://extranet.sbs.gob.pe/iece/descargar?codClasificadora=000407&codPeriodo=201802&numArchivo=13&numVersion=1
2018 - SEPTIEMBRE,Seguros,Crecer Seguros,PCR (Pacific Credit Rating),A-,8,https://extranet.sbs.gob.pe/iece/descargar?codClasificadora=000409&codPeriodo=201802&numArchivo=20&numVersion=1
2018 - SEPTIEMBRE,Financiera,FINANC. CREDINKA,Class y Asociados S.A.,B-,5,https://extranet.sbs.gob.pe/iece/descargar?codClasificadora=000407&codPeriodo=201802&numArchivo=19&numVersion=1
2018 - SEPTIEMBRE,Financiera,FINANC. CREDINKA,PCR (Pacific Credit Rating),B,6,https://extranet.sbs.gob.pe/iece/descargar?codClasificadora=000409&codPeriodo=201802&numArchivo=18&numVersion=1
2018 - SEPTIEMBRE,Financiera,FINANC. PROEMPRESA,Apoyo y Asociados Internacionales,B-,5,https://extranet.sbs.gob.pe/iece/descargar?codClasificadora=000408&codPeriodo=201802&numArchivo=39&numVersion=1
2018 - SEPTIEMBRE,Financiera,FINANC. PROEMPRESA,Class y Asociados S.A.,B-,5,https://extranet.sbs.gob.pe/iece/descargar?codClasificadora=000407&codPeriodo=201802&numArchivo=21&numVersion=1
2018 - SEPTIEMBRE,Financiera,FINANCIERA CONFIANZA,Apoyo y Asociados Internacionales,B+,7,https://extranet.sbs.gob.pe/iece/descargar?codClasificadora=000408&codPeriodo=201802&numArchivo=13&numVersion=1
2018 - SEPTIEMBRE,Financiera,FINANCIERA CONFIANZA,Class y Asociados S.A.,B+,7,https://extranet.sbs.gob.pe/iece/descargar?codClasificadora=000407&codPeriodo=201802&numArchivo=43&numVersion=1
2018 - SEPTIEMBRE,Financiera,FINANCIERA QAPAQ,Class y Asociados S.A.,B,6,https://extranet.sbs.gob.pe/iece/descargar?codClasificadora=000407&codPeriodo=201802&numArchivo=8&numVersion=1
2018 - SEPTIEMBRE,Financiera,FINANCIERA QAPAQ,PCR (Pacific Credit Rating),B,6,https://extranet.sbs.gob.pe/iece/descargar?codClasificadora=000409&codPeriodo=201802&numArchivo=23&numVersion=1
2018 - SEPTIEMBRE,Financiera,FINANCIERA TFC EL,Class y Asociados S.A.,B-,5,https://extranet.sbs.gob.pe/iece/descargar?codClasificadora=000407&codPeriodo=201802&numArchivo=48&numVersion=1
2018 - SEPTIEMBRE,Financiera,FINANCIERA TFC EL,PCR (Pacific Credit Rating),B-,5,https://extranet.sbs.gob.pe/iece/descargar?codClasificadora=000409&codPeriodo=201802&numArchivo=35&numVersion=1
2018 - SEPTIEMBRE,Fondo,FONDO MIVIVIENDA,Apoyo y Asociados Internacionales,A,9,https://extranet.sbs.gob.pe/iece/descargar?codClasificadora=000408&codPeriodo=201802&numArchivo=24&numVersion=1
2018 - SEPTIEMBRE,Fondo,FONDO MIVIVIENDA,Class y Asociados S.A.,A+,10,https://extranet.sbs.gob.pe/iece/descargar?codClasificadora=000407&codPeriodo=201802&numArchivo=6&numVersion=1
2018 - SEPTIEMBRE,Banco,ICBC PERU BANK S.A.,Moodys Local PE Clasificadora de Riesgo,A,9,https://extranet.sbs.gob.pe/iece/descargar?codClasificadora=000406&codPeriodo=201802&numArchivo=36&numVersion=1
2018 - SEPTIEMBRE,Banco,ICBC PERU BANK S.A.,PCR (Pacific Credit Rating),A,9,https://extranet.sbs.gob.pe/iece/descargar?codClasificadora=000409&codPeriodo=201802&numArchivo=19&numVersion=1
2018 - SEPTIEMBRE,Financiera,INFINANCE XP S.A.,Apoyo y Asociados Internacionales,B+,7,https://extranet.sbs.gob.pe/iece/descargar?codClasificadora=000408&codPeriodo=201802&numArchivo=31&numVersion=1
2018 - SEPTIEMBRE,Financiera,INFINANCE XP S.A.,Class y Asociados S.A.,B+,7,https://extranet.sbs.gob.pe/iece/descargar?codClasificadora=000407&codPeriodo=201802&numArchivo=20&numVersion=1
2018 - SEPTIEMBRE,Financiera,INFINANCE XP S.A.,Moodys Local PE Clasificadora de Riesgo,B+,7,https://extranet.sbs.gob.pe/iece/descargar?codClasificadora=000406&codPeriodo=201802&numArchivo=46&numVersion=1
2018 - SEPTIEMBRE,Seguros,Insur,Class y Asociados S.A.,A,9,https://extranet.sbs.gob.pe/iece/descargar?codClasificadora=000407&codPeriodo=201802&numArchivo=28&numVersion=1
2018 - SEPTIEMBRE,Seguros,Insur,PCR (Pacific Credit Rating),A,9,https://extranet.sbs.gob.pe/iece/descargar?codClasificadora=000409&codPeriodo=201802&numArchivo=5&numVersion=1
2018 - SEPTIEMBRE,Banco,INTERBANK,Apoyo y Asociados Internacionales,A,9,https://extranet.sbs.gob.pe/iece/descargar?codClasificadora=000408&codPeriodo=201802&numArchivo=34&numVersion=1
2018 - SEPTIEMBRE,Banco,INTERBANK,Class y Asociados S.A.,A+,10,https://extranet.sbs.gob.pe/iece/descargar?codClasificadora=000407&codPeriodo=201802&numArchivo=3&numVersion=1
2018 - SEPTIEMBRE,Banco,INTERBANK,Moodys Local PE Clasificadora de Riesgo,A,9,https://extranet.sbs.gob.pe/iece/descargar?codClasificadora=000406&codPeriodo=201802&numArchivo=31&numVersion=1
2018 - SEPTIEMBRE,Seguros,Interseguro,Class y Asociados S.A.,A+,10,https://extranet.sbs.gob.pe/iece/descargar?codClasificadora=000407&codPeriodo=201802&numArchivo=38&numVersion=1
2018 - SEPTIEMBRE,Seguros,Interseguro,Moodys Local PE Clasificadora de Riesgo,A,9,https://extranet.sbs.gob.pe/iece/descargar?codClasificadora=000406&codPeriodo=201802&numArchivo=52&numVersion=1
2018 - SEPTIEMBRE,Empresa de Créditos,INVERSIONES LA CRUZ,Apoyo y Asociados Internacionales,B+,7,https://extranet.sbs.gob.pe/iece/descargar?codClasificadora=000408&codPeriodo=201802&numArchivo=4&numVersion=1
2018 - SEPTIEMBRE,Empresa de Créditos,INVERSIONES LA CRUZ,PCR (Pacific Credit Rating),B,6,https://extranet.sbs.gob.pe/iece/descargar?codClasificadora=000409&codPeriodo=201802&numArchivo=14&numVersion=1
2018 - SEPTIEMBRE,Seguros,La Positiva,Class y Asociados S.A.,A-,8,https://extranet.sbs.gob.pe/iece/descargar?codClasificadora=000407&codPeriodo=201802&numArchivo=29&numVersion=1
2018 - SEPTIEMBRE,Seguros,La Positiva,PCR (Pacific Credit Rating),A-,8,https://extranet.sbs.gob.pe/iece/descargar?codClasificadora=000409&codPeriodo=201802&numArchivo=31&numVersion=1
2018 - SEPTIEMBRE,Seguros,La Positiva Vida,Class y Asociados S.A.,A,9,https://extranet.sbs.gob.pe/iece/descargar?codClasificadora=000407&codPeriodo=201802&numArchivo=30&numVersion=1
2018 - SEPTIEMBRE,Seguros,La Positiva Vida,PCR (Pacific Credit Rating),A,9,https://extranet.sbs.gob.pe/iece/descargar?codClasificadora=000409&codPeriodo=201802&numArchivo=32&numVersion=1
2018 - SEPTIEMBRE,Seguros,Liberty Seguros,Class y Asociados S.A.,A-,8,https://extranet.sbs.gob.pe/iece/descargar?codClasificadora=000407&codPeriodo=201802&numArchivo=47&numVersion=1
2018 - SEPTIEMBRE,Seguros,Liberty Seguros,Moodys Local PE Clasificadora de Riesgo,A-,8,https://extranet.sbs.gob.pe/iece/descargar?codClasificadora=000406&codPeriodo=201802&numArchivo=37&numVersion=1
2018 - SEPTIEMBRE,Seguros,Mapfre Perú,Class y Asociados S.A.,A,9,https://extranet.sbs.gob.pe/iece/descargar?codClasificadora=000407&codPeriodo=201802&numArchivo=40&numVersion=1
2018 - SEPTIEMBRE,Seguros,Mapfre Perú,PCR (Pacific Credit Rating),A+,10,https://extranet.sbs.gob.pe/iece/descargar?codClasificadora=000409&codPeriodo=201802&numArchivo=34&numVersion=1
2018 - SEPTIEMBRE,Seguros,Mapfre Peru (Abs),Class y Asociados S.A.,A,9,https://extranet.sbs.gob.pe/iece/descargar?codClasificadora=000407&codPeriodo=201802&numArchivo=39&numVersion=1
2018 - SEPTIEMBRE,Seguros,Mapfre Peru (Abs),PCR (Pacific Credit Rating),A,9,https://extranet.sbs.gob.pe/iece/descargar?codClasificadora=000409&codPeriodo=201802&numArchivo=16&numVersion=1
2018 - SEPTIEMBRE,Banco,MIBANCO,Apoyo y Asociados Internacionales,A,9,https://extranet.sbs.gob.pe/iece/descargar?codClasificadora=000408&codPeriodo=201802&numArchivo=19&numVersion=1
2018 - SEPTIEMBRE,Banco,MIBANCO,Moodys Local PE Clasificadora de Riesgo,A,9,https://extranet.sbs.gob.pe/iece/descargar?codClasificadora=000406&codPeriodo=201802&numArchivo=43&numVersion=1
2018 - SEPTIEMBRE,Banco,NACION,Apoyo y Asociados Internacionales,A,9,https://extranet.sbs.gob.pe/iece/descargar?codClasificadora=000408&codPeriodo=201802&numArchivo=7&numVersion=1
2018 - SEPTIEMBRE,Banco,NACION,Moodys Local PE Clasificadora de Riesgo,A,9,https://extranet.sbs.gob.pe/iece/descargar?codClasificadora=000406&codPeriodo=201802&numArchivo=49&numVersion=1
2018 - SEPTIEMBRE,Seguros,Pacífico Seguros,Apoyo y Asociados Internacionales,A+,10,https://extranet.sbs.gob.pe/iece/descargar?codClasificadora=000408&codPeriodo=201802&numArchivo=25&numVersion=1
2018 - SEPTIEMBRE,Seguros,Pacífico Seguros,Moodys Local PE Clasificadora de Riesgo,A+,10,https://extranet.sbs.gob.pe/iece/descargar?codClasificadora=000406&codPeriodo=201802&numArchivo=53&numVersion=1
2018 - SEPTIEMBRE,Seguros,Protecta,Class y Asociados S.A.,A,9,https://extranet.sbs.gob.pe/iece/descargar?codClasificadora=000407&codPeriodo=201802&numArchivo=31&numVersion=1
2018 - SEPTIEMBRE,Seguros,Protecta,PCR (Pacific Credit Rating),A,9,https://extranet.sbs.gob.pe/iece/descargar?codClasificadora=000409&codPeriodo=201802&numArchivo=33&numVersion=1
2018 - SEPTIEMBRE,Seguros,Quálitas,Class y Asociados S.A.,A-,8,https://extranet.sbs.gob.pe/iece/descargar?codClasificadora=000407&codPeriodo=201802&numArchivo=37&numVersion=1
2018 - SEPTIEMBRE,Seguros,Quálitas,PCR (Pacific Credit Rating),B+,7,https://extranet.sbs.gob.pe/iece/descargar?codClasificadora=000409&codPeriodo=201802&numArchivo=2&numVersion=1
2018 - SEPTIEMBRE,Seguros,Rigel Peru EL,Apoyo y Asociados Internacionales,B+,7,https://extranet.sbs.gob.pe/iece/descargar?codClasificadora=000408&codPeriodo=201802&numArchivo=16&numVersion=1
2018 - SEPTIEMBRE,Seguros,Rigel Peru EL,Class y Asociados S.A.,B+,7,https://extranet.sbs.gob.pe/iece/descargar?codClasificadora=000407&codPeriodo=201802&numArchivo=41&numVersion=1
2018 - SEPTIEMBRE,Seguros,Rímac Seguros,Apoyo y Asociados Internacionales,A+,10,https://extranet.sbs.gob.pe/iece/descargar?codClasificadora=000408&codPeriodo=201802&numArchivo=18&numVersion=1
2018 - SEPTIEMBRE,Seguros,Rímac Seguros,Moodys Local PE Clasificadora de Riesgo,A+,10,https://extranet.sbs.gob.pe/iece/descargar?codClasificadora=000406&codPeriodo=201802&numArchivo=40&numVersion=1
2018 - SEPTIEMBRE,Banco,SANTANDER PERU,Apoyo y Asociados Internacionales,A+,10,https://extranet.sbs.gob.pe/iece/descargar?codClasificadora=000408&codPeriodo=201802&numArchivo=33&numVersion=1
2018 - SEPTIEMBRE,Banco,SANTANDER PERU,Moodys Local PE Clasificadora de Riesgo,A+,10,https://extranet.sbs.gob.pe/iece/descargar?codClasificadora=000406&codPeriodo=201802&numArchivo=32&numVersion=1
2018 - SEPTIEMBRE,Banco,SANTANDER PERU,PCR (Pacific Credit Rating),A+,10,https://extranet.sbs.gob.pe/iece/descargar?codClasificadora=000409&codPeriodo=201802&numArchivo=30&numVersion=1
2018 - SEPTIEMBRE,Banco,SCOTIABANK PERU,Apoyo y Asociados Internacionales,A+,10,https://extranet.sbs.gob.pe/iece/descargar?codClasificadora=000408&codPeriodo=201802&numArchivo=32&numVersion=1
2018 - SEPTIEMBRE,Banco,SCOTIABANK PERU,Moodys Local PE Clasificadora de Riesgo,A+,10,https://extranet.sbs.gob.pe/iece/descargar?codClasificadora=000406&codPeriodo=201802&numArchivo=44&numVersion=1
2018 - SEPTIEMBRE,Seguros,Vivir Seguros,Class y Asociados S.A.,A-,8,https://extranet.sbs.gob.pe/iece/descargar?codClasificadora=000407&codPeriodo=201802&numArchivo=42&numVersion=1
2018 - SEPTIEMBRE,Seguros,Vivir Seguros,PCR (Pacific Credit Rating),A-,8,https://extranet.sbs.gob.pe/iece/descargar?codClasificadora=000409&codPeriodo=201802&numArchivo=8&numVersion=1
2026 - MARZO,Banco,AGROBANCO,Apoyo y Asociados Internacionales,B+,7,https://extranet.sbs.gob.pe/iece/descargar?codClasificadora=000408&codPeriodo=202601&numArchivo=48&numVersion=1
2026 - MARZO,Banco,ALFIN BANCO,JCR Latino America,A-,8,https://extranet.sbs.gob.pe/iece/descargar?codClasificadora=001196&codPeriodo=202601&numArchivo=22&numVersion=1
2026 - MARZO,Banco,ALFIN BANCO,PCR (Pacific Credit Rating),B+,7,https://extranet.sbs.gob.pe/iece/descargar?codClasificadora=000409&codPeriodo=202601&numArchivo=30&numVersion=1
2026 - MARZO,Seguros,AuguStar Seguros,Apoyo y Asociados Internacionales,A-,8,https://extranet.sbs.gob.pe/iece/descargar?codClasificadora=000408&codPeriodo=202601&numArchivo=13&numVersion=1
2026 - MARZO,Seguros,AuguStar Seguros,PCR (Pacific Credit Rating),A-,8,https://extranet.sbs.gob.pe/iece/descargar?codClasificadora=000409&codPeriodo=202601&numArchivo=22&numVersion=1
2026 - MARZO,Seguros,AVLA Perú,JCR Latino America,A,9,https://extranet.sbs.gob.pe/iece/descargar?codClasificadora=001196&codPeriodo=202601&numArchivo=2&numVersion=1
2026 - MARZO,Seguros,AVLA Perú,PCR (Pacific Credit Rating),A,9,https://extranet.sbs.gob.pe/iece/descargar?codClasificadora=000409&codPeriodo=202601&numArchivo=6&numVersion=1
2026 - MARZO,Banco,BANBIF,Moodys Local PE Clasificadora de Riesgo,A,9,https://extranet.sbs.gob.pe/iece/descargar?codClasificadora=000406&codPeriodo=202601&numArchivo=48&numVersion=1
2026 - MARZO,Banco,BANBIF,PCR (Pacific Credit Rating),A+,10,https://extranet.sbs.gob.pe/iece/descargar?codClasificadora=000409&codPeriodo=202601&numArchivo=10&numVersion=1
2026 - MARZO,Banco,BANCO BCI,Apoyo y Asociados Internacionales,A,9,https://extranet.sbs.gob.pe/iece/descargar?codClasificadora=000408&codPeriodo=202601&numArchivo=28&numVersion=1
2026 - MARZO,Banco,BANCO BCI,Moodys Local PE Clasificadora de Riesgo,A,9,https://extranet.sbs.gob.pe/iece/descargar?codClasificadora=000406&codPeriodo=202601&numArchivo=46&numVersion=1
2026 - MARZO,Banco,BANCO DE CREDITO,Apoyo y Asociados Internacionales,A+,10,https://extranet.sbs.gob.pe/iece/descargar?codClasificadora=000408&codPeriodo=202601&numArchivo=55&numVersion=1
2026 - MARZO,Banco,BANCO DE CREDITO,Moodys Local PE Clasificadora de Riesgo,A+,10,https://extranet.sbs.gob.pe/iece/descargar?codClasificadora=000406&codPeriodo=202601&numArchivo=5&numVersion=1
2026 - MARZO,Banco,BANCO DE CREDITO,PCR (Pacific Credit Rating),A+,10,https://extranet.sbs.gob.pe/iece/descargar?codClasificadora=000409&codPeriodo=202601&numArchivo=33&numVersion=1
2026 - MARZO,Banco,BANCO EFECTIVA,JCR Latino America,A,9,https://extranet.sbs.gob.pe/iece/descargar?codClasificadora=001196&codPeriodo=202601&numArchivo=15&numVersion=1
2026 - MARZO,Banco,BANCO EFECTIVA,Moodys Local PE Clasificadora de Riesgo,A-,8,https://extranet.sbs.gob.pe/iece/descargar?codClasificadora=000406&codPeriodo=202601&numArchivo=6&numVersion=1
2026 - MARZO,Banco,BANCO EFECTIVA,PCR (Pacific Credit Rating),A-,8,https://extranet.sbs.gob.pe/iece/descargar?codClasificadora=000409&codPeriodo=202601&numArchivo=14&numVersion=1
2026 - MARZO,Banco,BANCO FALABELLA,Apoyo y Asociados Internacionales,A,9,https://extranet.sbs.gob.pe/iece/descargar?codClasificadora=000408&codPeriodo=202601&numArchivo=2&numVersion=1
2026 - MARZO,Banco,BANCO FALABELLA,Moodys Local PE Clasificadora de Riesgo,A-,8,https://extranet.sbs.gob.pe/iece/descargar?codClasificadora=000406&codPeriodo=202601&numArchivo=36&numVersion=1
2026 - MARZO,Banco,BANCO GNB,Moodys Local PE Clasificadora de Riesgo,A,9,https://extranet.sbs.gob.pe/iece/descargar?codClasificadora=000406&codPeriodo=202601&numArchivo=2&numVersion=1
2026 - MARZO,Banco,BANCO GNB,PCR (Pacific Credit Rating),A,9,https://extranet.sbs.gob.pe/iece/descargar?codClasificadora=000409&codPeriodo=202601&numArchivo=20&numVersion=1
2026 - MARZO,Banco,BANCO PICHINCHA,Apoyo y Asociados Internacionales,A-,8,https://extranet.sbs.gob.pe/iece/descargar?codClasificadora=000408&codPeriodo=202601&numArchivo=44&numVersion=1
2026 - MARZO,Banco,BANCO PICHINCHA,Moodys Local PE Clasificadora de Riesgo,A-,8,https://extranet.sbs.gob.pe/iece/descargar?codClasificadora=000406&codPeriodo=202601&numArchivo=29&numVersion=1
2026 - MARZO,Banco,BANCO RIPLEY,Moodys Local PE Clasificadora de Riesgo,B+,7,https://extranet.sbs.gob.pe/iece/descargar?codClasificadora=000406&codPeriodo=202601&numArchivo=31&numVersion=1
2026 - MARZO,Banco,BANCO RIPLEY,PCR (Pacific Credit Rating),B+,7,https://extranet.sbs.gob.pe/iece/descargar?codClasificadora=000409&codPeriodo=202601&numArchivo=31&numVersion=1
2026 - MARZO,Banco,BANCOM,Moodys Local PE Clasificadora de Riesgo,B+,7,https://extranet.sbs.gob.pe/iece/descargar?codClasificadora=000406&codPeriodo=202601&numArchivo=41&numVersion=1
2026 - MARZO,Banco,BANCOM,PCR (Pacific Credit Rating),B+,7,https://extranet.sbs.gob.pe/iece/descargar?codClasificadora=000409&codPeriodo=202601&numArchivo=32&numVersion=1
2026 - MARZO,Banco,BANK OF CHINA (PERU),Apoyo y Asociados Internacionales,A+,10,https://extranet.sbs.gob.pe/iece/descargar?codClasificadora=000408&codPeriodo=202601&numArchivo=58&numVersion=1
2026 - MARZO,Banco,BANK OF CHINA (PERU),Moodys Local PE Clasificadora de Riesgo,A,9,https://extranet.sbs.gob.pe/iece/descargar?codClasificadora=000406&codPeriodo=202601&numArchivo=39&numVersion=1
2026 - MARZO,Banco,BANK OF CHINA (PERU),PCR (Pacific Credit Rating),A,9,https://extranet.sbs.gob.pe/iece/descargar?codClasificadora=000409&codPeriodo=202601&numArchivo=11&numVersion=1
2026 - MARZO,Banco,BBVA,Apoyo y Asociados Internacionales,A+,10,https://extranet.sbs.gob.pe/iece/descargar?codClasificadora=000408&codPeriodo=202601&numArchivo=49&numVersion=1
2026 - MARZO,Banco,BBVA,Moodys Local PE Clasificadora de Riesgo,A+,10,https://extranet.sbs.gob.pe/iece/descargar?codClasificadora=000406&codPeriodo=202601&numArchivo=22&numVersion=1
2026 - MARZO,Banco,BN. SANTANDER CONS.,Apoyo y Asociados Internacionales,A,9,https://extranet.sbs.gob.pe/iece/descargar?codClasificadora=000408&codPeriodo=202601&numArchivo=56&numVersion=1
2026 - MARZO,Banco,BN. SANTANDER CONS.,Moodys Local PE Clasificadora de Riesgo,A,9,https://extranet.sbs.gob.pe/iece/descargar?codClasificadora=000406&codPeriodo=202601&numArchivo=44&numVersion=1
2026 - MARZO,Seguros,BNP Paribas Cardif,Moodys Local PE Clasificadora de Riesgo,A,9,https://extranet.sbs.gob.pe/iece/descargar?codClasificadora=000406&codPeriodo=202601&numArchivo=13&numVersion=1
2026 - MARZO,Seguros,BNP Paribas Cardif,PCR (Pacific Credit Rating),A+,10,https://extranet.sbs.gob.pe/iece/descargar?codClasificadora=000409&codPeriodo=202601&numArchivo=26&numVersion=1
2026 - MARZO,Cooperativa de Ahorro y Crédito - Nivel 3,CENTRAL  SOLIDEZ,JCR Latino America,C-,2,https://extranet.sbs.gob.pe/iece/descargar?codClasificadora=001196&codPeriodo=202601&numArchivo=21&numVersion=1
2026 - MARZO,Cooperativa de Ahorro y Crédito - Nivel 3,CENTRAL CIDERURAL,JCR Latino America,C,3,https://extranet.sbs.gob.pe/iece/descargar?codClasificadora=001196&codPeriodo=202601&numArchivo=20&numVersion=1
2026 - MARZO,Seguros,Cesce,Moodys Local PE Clasificadora de Riesgo,A,9,https://extranet.sbs.gob.pe/iece/descargar?codClasificadora=000406&codPeriodo=202601&numArchivo=10&numVersion=1
2026 - MARZO,Seguros,Cesce,PCR (Pacific Credit Rating),A,9,https://extranet.sbs.gob.pe/iece/descargar?codClasificadora=000409&codPeriodo=202601&numArchivo=24&numVersion=1
2026 - MARZO,Seguros,Chubb Perú,Moodys Local PE Clasificadora de Riesgo,A,9,https://extranet.sbs.gob.pe/iece/descargar?codClasificadora=000406&codPeriodo=202601&numArchivo=30&numVersion=1
2026 - MARZO,Seguros,Chubb Perú,PCR (Pacific Credit Rating),A,9,https://extranet.sbs.gob.pe/iece/descargar?codClasificadora=000409&codPeriodo=202601&numArchivo=27&numVersion=1
2026 - MARZO,Banco,CITIBANK DEL PERU,Apoyo y Asociados Internacionales,A+,10,https://extranet.sbs.gob.pe/iece/descargar?codClasificadora=000408&codPeriodo=202601&numArchivo=25&numVersion=1
2026 - MARZO,Banco,CITIBANK DEL PERU,PCR (Pacific Credit Rating),A+,10,https://extranet.sbs.gob.pe/iece/descargar?codClasificadora=000409&codPeriodo=202601&numArchivo=13&numVersion=1
2026 - MARZO,Caja Municipal de Ahorro y Crédito,CMAC AREQUIPA,JCR Latino America,A-,8,https://extranet.sbs.gob.pe/iece/descargar?codClasificadora=001196&codPeriodo=202601&numArchivo=5&numVersion=1
2026 - MARZO,Caja Municipal de Ahorro y Crédito,CMAC AREQUIPA,PCR (Pacific Credit Rating),A-,8,https://extranet.sbs.gob.pe/iece/descargar?codClasificadora=000409&codPeriodo=202601&numArchivo=12&numVersion=1
2026 - MARZO,Caja Municipal de Ahorro y Crédito,CMAC CUSCO,Apoyo y Asociados Internacionales,A-,8,https://extranet.sbs.gob.pe/iece/descargar?codClasificadora=000408&codPeriodo=202601&numArchivo=42&numVersion=1
2026 - MARZO,Caja Municipal de Ahorro y Crédito,CMAC CUSCO,JCR Latino America,A-,8,https://extranet.sbs.gob.pe/iece/descargar?codClasificadora=001196&codPeriodo=202601&numArchivo=6&numVersion=1
2026 - MARZO,Caja Municipal de Ahorro y Crédito,CMAC CUSCO,PCR (Pacific Credit Rating),A-,8,https://extranet.sbs.gob.pe/iece/descargar?codClasificadora=000409&codPeriodo=202601&numArchivo=28&numVersion=1
2026 - MARZO,Caja Municipal de Ahorro y Crédito,CMAC DEL SANTA,Apoyo y Asociados Internacionales,C-,2,https://extranet.sbs.gob.pe/iece/descargar?codClasificadora=000408&codPeriodo=202601&numArchivo=35&numVersion=1
2026 - MARZO,Caja Municipal de Ahorro y Crédito,CMAC DEL SANTA,Microrate,D+,1,https://extranet.sbs.gob.pe/iece/descargar?codClasificadora=000410&codPeriodo=202601&numArchivo=4&numVersion=1
2026 - MARZO,Caja Municipal de Ahorro y Crédito,CMAC HUANCAYO,JCR Latino America,A-,8,https://extranet.sbs.gob.pe/iece/descargar?codClasificadora=001196&codPeriodo=202601&numArchivo=7&numVersion=1
2026 - MARZO,Caja Municipal de Ahorro y Crédito,CMAC HUANCAYO,Moodys Local PE Clasificadora de Riesgo,B+,7,https://extranet.sbs.gob.pe/iece/descargar?codClasificadora=000406&codPeriodo=202601&numArchivo=7&numVersion=1
2026 - MARZO,Caja Municipal de Ahorro y Crédito,CMAC HUANCAYO,PCR (Pacific Credit Rating),A-,8,https://extranet.sbs.gob.pe/iece/descargar?codClasificadora=000409&codPeriodo=202601&numArchivo=19&numVersion=1
2026 - MARZO,Caja Municipal de Ahorro y Crédito,CMAC ICA,JCR Latino America,B+,7,https://extranet.sbs.gob.pe/iece/descargar?codClasificadora=001196&codPeriodo=202601&numArchivo=8&numVersion=1
2026 - MARZO,Caja Municipal de Ahorro y Crédito,CMAC ICA,PCR (Pacific Credit Rating),B+,7,https://extranet.sbs.gob.pe/iece/descargar?codClasificadora=000409&codPeriodo=202601&numArchivo=18&numVersion=1
2026 - MARZO,Caja Municipal de Ahorro y Crédito,CMAC MAYNAS,Apoyo y Asociados Internacionales,B-,5,https://extranet.sbs.gob.pe/iece/descargar?codClasificadora=000408&codPeriodo=202601&numArchivo=8&numVersion=1
2026 - MARZO,Caja Municipal de Ahorro y Crédito,CMAC MAYNAS,Moodys Local PE Clasificadora de Riesgo,B-,5,https://extranet.sbs.gob.pe/iece/descargar?codClasificadora=000406&codPeriodo=202601&numArchivo=25&numVersion=1
2026 - MARZO,Caja Municipal de Ahorro y Crédito,CMAC PAITA,Apoyo y Asociados Internacionales,C,3,https://extranet.sbs.gob.pe/iece/descargar?codClasificadora=000408&codPeriodo=202601&numArchivo=10&numVersion=1
2026 - MARZO,Caja Municipal de Ahorro y Crédito,CMAC PAITA,Microrate,C,3,https://extranet.sbs.gob.pe/iece/descargar?codClasificadora=000410&codPeriodo=202601&numArchivo=3&numVersion=1
2026 - MARZO,Caja Municipal de Ahorro y Crédito,CMAC PIURA,Microrate,B,6,https://extranet.sbs.gob.pe/iece/descargar?codClasificadora=000410&codPeriodo=202601&numArchivo=2&numVersion=1
2026 - MARZO,Caja Municipal de Ahorro y Crédito,CMAC PIURA,Moodys Local PE Clasificadora de Riesgo,B,6,https://extranet.sbs.gob.pe/iece/descargar?codClasificadora=000406&codPeriodo=202601&numArchivo=45&numVersion=1
2026 - MARZO,Caja Municipal de Ahorro y Crédito,CMAC TACNA,JCR Latino America,C,3,https://extranet.sbs.gob.pe/iece/descargar?codClasificadora=001196&codPeriodo=202601&numArchivo=9&numVersion=1
2026 - MARZO,Caja Municipal de Ahorro y Crédito,CMAC TACNA,Moodys Local PE Clasificadora de Riesgo,C,3,https://extranet.sbs.gob.pe/iece/descargar?codClasificadora=000406&codPeriodo=202601&numArchivo=43&numVersion=1
2026 - MARZO,Caja Municipal de Ahorro y Crédito,CMAC TRUJILLO,Apoyo y Asociados Internacionales,B+,7,https://extranet.sbs.gob.pe/iece/descargar?codClasificadora=000408&codPeriodo=202601&numArchivo=24&numVersion=1
2026 - MARZO,Caja Municipal de Ahorro y Crédito,CMAC TRUJILLO,Moodys Local PE Clasificadora de Riesgo,B+,7,https://extranet.sbs.gob.pe/iece/descargar?codClasificadora=000406&codPeriodo=202601&numArchivo=40&numVersion=1
2026 - MARZO,Caja Municipal de Ahorro y Crédito,CMCP LIMA,JCR Latino America,C+,4,https://extranet.sbs.gob.pe/iece/descargar?codClasificadora=001196&codPeriodo=202601&numArchivo=10&numVersion=1
2026 - MARZO,Caja Municipal de Ahorro y Crédito,CMCP LIMA,Microrate,C+,4,https://extranet.sbs.gob.pe/iece/descargar?codClasificadora=000410&codPeriodo=202601&numArchivo=5&numVersion=1
2026 - MARZO,Banco,COFIDE,Apoyo y Asociados Internacionales,A,9,https://extranet.sbs.gob.pe/iece/descargar?codClasificadora=000408&codPeriodo=202601&numArchivo=23&numVersion=1
2026 - MARZO,Banco,COFIDE,Moodys Local PE Clasificadora de Riesgo,A,9,https://extranet.sbs.gob.pe/iece/descargar?codClasificadora=000406&codPeriodo=202601&numArchivo=23&numVersion=1
2026 - MARZO,Banco,COMPARTAMOS BANCO,Apoyo y Asociados Internacionales,A,9,https://extranet.sbs.gob.pe/iece/descargar?codClasificadora=000408&codPeriodo=202601&numArchivo=32&numVersion=1
2026 - MARZO,Banco,COMPARTAMOS BANCO,JCR Latino America,A,9,https://extranet.sbs.gob.pe/iece/descargar?codClasificadora=001196&codPeriodo=202601&numArchivo=4&numVersion=1
2026 - MARZO,Banco,COMPARTAMOS BANCO,Moodys Local PE Clasificadora de Riesgo,A-,8,https://extranet.sbs.gob.pe/iece/descargar?codClasificadora=000406&codPeriodo=202601&numArchivo=50&numVersion=1
2026 - MARZO,Caja Rural de Ahorro y Crédito,CRAC CENCOSUD SCOTIA,Apoyo y Asociados Internacionales,A-,8,https://extranet.sbs.gob.pe/iece/descargar?codClasificadora=000408&codPeriodo=202601&numArchivo=45&numVersion=1
2026 - MARZO,Caja Rural de Ahorro y Crédito,CRAC CENCOSUD SCOTIA,Moodys Local PE Clasificadora de Riesgo,A-,8,https://extranet.sbs.gob.pe/iece/descargar?codClasificadora=000406&codPeriodo=202601&numArchivo=19&numVersion=1
2026 - MARZO,Caja Rural de Ahorro y Crédito,CRAC DEL CENTRO,JCR Latino America,D+,1,https://extranet.sbs.gob.pe/iece/descargar?codClasificadora=001196&codPeriodo=202601&numArchivo=11&numVersion=1
2026 - MARZO,Caja Rural de Ahorro y Crédito,CRAC DEL CENTRO,PCR (Pacific Credit Rating),D,0,https://extranet.sbs.gob.pe/iece/descargar?codClasificadora=000409&codPeriodo=202601&numArchivo=9&numVersion=1
2026 - MARZO,Caja Rural de Ahorro y Crédito,CRAC INCASUR,Apoyo y Asociados Internacionales,C-,2,https://extranet.sbs.gob.pe/iece/descargar?codClasificadora=000408&codPeriodo=202601&numArchivo=9&numVersion=1
2026 - MARZO,Caja Rural de Ahorro y Crédito,CRAC INCASUR,Moodys Local PE Clasificadora de Riesgo,C-,2,https://extranet.sbs.gob.pe/iece/descargar?codClasificadora=000406&codPeriodo=202601&numArchivo=51&numVersion=1
2026 - MARZO,Caja Rural de Ahorro y Crédito,CRAC LOS ANDES,JCR Latino America,B-,5,https://extranet.sbs.gob.pe/iece/descargar?codClasificadora=001196&codPeriodo=202601&numArchivo=14&numVersion=1
2026 - MARZO,Caja Rural de Ahorro y Crédito,CRAC LOS ANDES,Microrate,C+,4,https://extranet.sbs.gob.pe/iece/descargar?codClasificadora=000410&codPeriodo=202601&numArchivo=6&numVersion=1
2026 - MARZO,Caja Rural de Ahorro y Crédito,CRAC PRYMERA,Apoyo y Asociados Internacionales,C,3,https://extranet.sbs.gob.pe/iece/descargar?codClasificadora=000408&codPeriodo=202601&numArchivo=34&numVersion=1
2026 - MARZO,Caja Rural de Ahorro y Crédito,CRAC PRYMERA,JCR Latino America,C,3,https://extranet.sbs.gob.pe/iece/descargar?codClasificadora=001196&codPeriodo=202601&numArchivo=12&numVersion=1
2026 - MARZO,Seguros,Crecer Seguros,Moodys Local PE Clasificadora de Riesgo,A-,8,https://extranet.sbs.gob.pe/iece/descargar?codClasificadora=000406&codPeriodo=202601&numArchivo=27&numVersion=1
2026 - MARZO,Seguros,Crecer Seguros,PCR (Pacific Credit Rating),A,9,https://extranet.sbs.gob.pe/iece/descargar?codClasificadora=000409&codPeriodo=202601&numArchivo=3&numVersion=1
2026 - MARZO,Cooperativa de Ahorro y Crédito - Nivel 2 B,EFIDE,JCR Latino America,B,6,https://extranet.sbs.gob.pe/iece/descargar?codClasificadora=001196&codPeriodo=202601&numArchivo=23&numVersion=1
2026 - MARZO,Empresa de Créditos,EMP.CRED.SANTANDER,Apoyo y Asociados Internacionales,A,9,https://extranet.sbs.gob.pe/iece/descargar?codClasificadora=000408&codPeriodo=202601&numArchivo=31&numVersion=1
2026 - MARZO,Empresa de Créditos,EMP.CRED.SANTANDER,Moodys Local PE Clasificadora de Riesgo,A-,8,https://extranet.sbs.gob.pe/iece/descargar?codClasificadora=000406&codPeriodo=202601&numArchivo=38&numVersion=1
2026 - MARZO,Empresa de Créditos,EMP.CRED.VIVELA,PCR (Pacific Credit Rating),B+,7,https://extranet.sbs.gob.pe/iece/descargar?codClasificadora=000409&codPeriodo=202601&numArchivo=17&numVersion=1
2026 - MARZO,Financiera,FINANC. PROEMPRESA,Apoyo y Asociados Internacionales,C,3,https://extranet.sbs.gob.pe/iece/descargar?codClasificadora=000408&codPeriodo=202601&numArchivo=36&numVersion=1
2026 - MARZO,Financiera,FINANC. PROEMPRESA,Moodys Local PE Clasificadora de Riesgo,C,3,https://extranet.sbs.gob.pe/iece/descargar?codClasificadora=000406&codPeriodo=202601&numArchivo=17&numVersion=1
2026 - MARZO,Financiera,FINANCIERA CONFIANZA,Apoyo y Asociados Internacionales,A-,8,https://extranet.sbs.gob.pe/iece/descargar?codClasificadora=000408&codPeriodo=202601&numArchivo=38&numVersion=1
2026 - MARZO,Financiera,FINANCIERA CONFIANZA,Moodys Local PE Clasificadora de Riesgo,A-,8,https://extranet.sbs.gob.pe/iece/descargar?codClasificadora=000406&codPeriodo=202601&numArchivo=18&numVersion=1
2026 - MARZO,Financiera,FINANCIERA QAPAQ,Apoyo y Asociados Internacionales,C+,4,https://extranet.sbs.gob.pe/iece/descargar?codClasificadora=000408&codPeriodo=202601&numArchivo=40&numVersion=1
2026 - MARZO,Financiera,FINANCIERA QAPAQ,Moodys Local PE Clasificadora de Riesgo,C,3,https://extranet.sbs.gob.pe/iece/descargar?codClasificadora=000406&codPeriodo=202601&numArchivo=20&numVersion=1
2026 - MARZO,Financiera,FINANCIERA QAPAQ,PCR (Pacific Credit Rating),C,3,https://extranet.sbs.gob.pe/iece/descargar?codClasificadora=000409&codPeriodo=202601&numArchivo=8&numVersion=1
2026 - MARZO,Financiera,FINANCIERA SURGIR,Apoyo y Asociados Internacionales,A-,8,https://extranet.sbs.gob.pe/iece/descargar?codClasificadora=000408&codPeriodo=202601&numArchivo=5&numVersion=1
2026 - MARZO,Financiera,FINANCIERA SURGIR,Moodys Local PE Clasificadora de Riesgo,A-,8,https://extranet.sbs.gob.pe/iece/descargar?codClasificadora=000406&codPeriodo=202601&numArchivo=28&numVersion=1
2026 - MARZO,Afianzadora y de Garantías,FOGAPI,PCR (Pacific Credit Rating),A,9,https://extranet.sbs.gob.pe/iece/descargar?codClasificadora=000409&codPeriodo=202601&numArchivo=15&numVersion=1
2026 - MARZO,Fondo,FONDO MIVIVIENDA,Apoyo y Asociados Internacionales,A,9,https://extranet.sbs.gob.pe/iece/descargar?codClasificadora=000408&codPeriodo=202601&numArchivo=57&numVersion=1
2026 - MARZO,Fondo,FONDO MIVIVIENDA,Moodys Local PE Clasificadora de Riesgo,A,9,https://extranet.sbs.gob.pe/iece/descargar?codClasificadora=000406&codPeriodo=202601&numArchivo=3&numVersion=1
2026 - MARZO,Banco,ICBC PERU BANK S.A.,Apoyo y Asociados Internacionales,A+,10,https://extranet.sbs.gob.pe/iece/descargar?codClasificadora=000408&codPeriodo=202601&numArchivo=37&numVersion=1
2026 - MARZO,Banco,ICBC PERU BANK S.A.,Moodys Local PE Clasificadora de Riesgo,A,9,https://extranet.sbs.gob.pe/iece/descargar?codClasificadora=000406&codPeriodo=202601&numArchivo=26&numVersion=1
2026 - MARZO,Banco,ICBC PERU BANK S.A.,PCR (Pacific Credit Rating),A,9,https://extranet.sbs.gob.pe/iece/descargar?codClasificadora=000409&codPeriodo=202601&numArchivo=16&numVersion=1
2026 - MARZO,Financiera,INFINANCE XP S.A.,Apoyo y Asociados Internacionales,A-,8,https://extranet.sbs.gob.pe/iece/descargar?codClasificadora=000408&codPeriodo=202601&numArchivo=46&numVersion=1
2026 - MARZO,Financiera,INFINANCE XP S.A.,Moodys Local PE Clasificadora de Riesgo,A-,8,https://extranet.sbs.gob.pe/iece/descargar?codClasificadora=000406&codPeriodo=202601&numArchivo=42&numVersion=1
2026 - MARZO,Seguros,Insur,Moodys Local PE Clasificadora de Riesgo,A,9,https://extranet.sbs.gob.pe/iece/descargar?codClasificadora=000406&codPeriodo=202601&numArchivo=9&numVersion=1
2026 - MARZO,Seguros,Insur,PCR (Pacific Credit Rating),A,9,https://extranet.sbs.gob.pe/iece/descargar?codClasificadora=000409&codPeriodo=202601&numArchivo=21&numVersion=1
2026 - MARZO,Banco,INTERBANK,Apoyo y Asociados Internacionales,A+,10,https://extranet.sbs.gob.pe/iece/descargar?codClasificadora=000408&codPeriodo=202601&numArchivo=43&numVersion=1
2026 - MARZO,Banco,INTERBANK,Moodys Local PE Clasificadora de Riesgo,A+,10,https://extranet.sbs.gob.pe/iece/descargar?codClasificadora=000406&codPeriodo=202601&numArchivo=34&numVersion=1
2026 - MARZO,Seguros,Interseguro,Moodys Local PE Clasificadora de Riesgo,A+,10,https://extranet.sbs.gob.pe/iece/descargar?codClasificadora=000406&codPeriodo=202601&numArchivo=15&numVersion=1
2026 - MARZO,Seguros,Interseguro,PCR (Pacific Credit Rating),A+,10,https://extranet.sbs.gob.pe/iece/descargar?codClasificadora=000409&codPeriodo=202601&numArchivo=34&numVersion=1
2026 - MARZO,Cooperativa de Ahorro y Crédito - Nivel 2 B,KORI,Microrate,C+,4,https://extranet.sbs.gob.pe/iece/descargar?codClasificadora=000410&codPeriodo=202601&numArchivo=1&numVersion=1
2026 - MARZO,Seguros,La Positiva,Apoyo y Asociados Internacionales,A,9,https://extranet.sbs.gob.pe/iece/descargar?codClasificadora=000408&codPeriodo=202601&numArchivo=53&numVersion=1
2026 - MARZO,Seguros,La Positiva,Moodys Local PE Clasificadora de Riesgo,A,9,https://extranet.sbs.gob.pe/iece/descargar?codClasificadora=000406&codPeriodo=202601&numArchivo=37&numVersion=1
2026 - MARZO,Seguros,La Positiva Vida,Apoyo y Asociados Internacionales,A,9,https://extranet.sbs.gob.pe/iece/descargar?codClasificadora=000408&codPeriodo=202601&numArchivo=54&numVersion=1
2026 - MARZO,Seguros,La Positiva Vida,Moodys Local PE Clasificadora de Riesgo,A,9,https://extranet.sbs.gob.pe/iece/descargar?codClasificadora=000406&codPeriodo=202601&numArchivo=35&numVersion=1
2026 - MARZO,Seguros,Liberty Seguros,Apoyo y Asociados Internacionales,A,9,https://extranet.sbs.gob.pe/iece/descargar?codClasificadora=000408&codPeriodo=202601&numArchivo=12&numVersion=1
2026 - MARZO,Seguros,Liberty Seguros,Moodys Local PE Clasificadora de Riesgo,A,9,https://extranet.sbs.gob.pe/iece/descargar?codClasificadora=000406&codPeriodo=202601&numArchivo=16&numVersion=1
2026 - MARZO,Cooperativa de Ahorro y Crédito - Nivel 3,LOS ANDES COTARUSI,JCR Latino America,B-,5,https://extranet.sbs.gob.pe/iece/descargar?codClasificadora=001196&codPeriodo=202601&numArchivo=19&numVersion=1
2026 - MARZO,Seguros,Mapfre Perú,Moodys Local PE Clasificadora de Riesgo,A+,10,https://extranet.sbs.gob.pe/iece/descargar?codClasificadora=000406&codPeriodo=202601&numArchivo=11&numVersion=1
2026 - MARZO,Seguros,Mapfre Perú,PCR (Pacific Credit Rating),A+,10,https://extranet.sbs.gob.pe/iece/descargar?codClasificadora=000409&codPeriodo=202601&numArchivo=25&numVersion=1
2026 - MARZO,Banco,MIBANCO,Apoyo y Asociados Internacionales,A,9,https://extranet.sbs.gob.pe/iece/descargar?codClasificadora=000408&codPeriodo=202601&numArchivo=33&numVersion=1
2026 - MARZO,Banco,MIBANCO,Moodys Local PE Clasificadora de Riesgo,A,9,https://extranet.sbs.gob.pe/iece/descargar?codClasificadora=000406&codPeriodo=202601&numArchivo=47&numVersion=1
2026 - MARZO,Financiera,MITSUI AUTO FINANCE,Apoyo y Asociados Internacionales,A,9,https://extranet.sbs.gob.pe/iece/descargar?codClasificadora=000408&codPeriodo=202601&numArchivo=30&numVersion=1
2026 - MARZO,Financiera,MITSUI AUTO FINANCE,Moodys Local PE Clasificadora de Riesgo,A-,8,https://extranet.sbs.gob.pe/iece/descargar?codClasificadora=000406&codPeriodo=202601&numArchivo=4&numVersion=1
2026 - MARZO,Banco,NACION,Apoyo y Asociados Internacionales,A,9,https://extranet.sbs.gob.pe/iece/descargar?codClasificadora=000408&codPeriodo=202601&numArchivo=29&numVersion=1
2026 - MARZO,Banco,NACION,Moodys Local PE Clasificadora de Riesgo,A,9,https://extranet.sbs.gob.pe/iece/descargar?codClasificadora=000406&codPeriodo=202601&numArchivo=49&numVersion=1
2026 - MARZO,Seguros,Pacífico Seguros,Apoyo y Asociados Internacionales,A+,10,https://extranet.sbs.gob.pe/iece/descargar?codClasificadora=000408&codPeriodo=202601&numArchivo=52&numVersion=1
2026 - MARZO,Seguros,Pacífico Seguros,Moodys Local PE Clasificadora de Riesgo,A+,10,https://extranet.sbs.gob.pe/iece/descargar?codClasificadora=000406&codPeriodo=202601&numArchivo=21&numVersion=1
2026 - MARZO,Seguros,Protecta,Moodys Local PE Clasificadora de Riesgo,A,9,https://extranet.sbs.gob.pe/iece/descargar?codClasificadora=000406&codPeriodo=202601&numArchivo=24&numVersion=1
2026 - MARZO,Seguros,Protecta,PCR (Pacific Credit Rating),A,9,https://extranet.sbs.gob.pe/iece/descargar?codClasificadora=000409&codPeriodo=202601&numArchivo=2&numVersion=1
2026 - MARZO,Seguros,Quálitas,Moodys Local PE Clasificadora de Riesgo,A-,8,https://extranet.sbs.gob.pe/iece/descargar?codClasificadora=000406&codPeriodo=202601&numArchivo=8&numVersion=1
2026 - MARZO,Seguros,Quálitas,PCR (Pacific Credit Rating),A-,8,https://extranet.sbs.gob.pe/iece/descargar?codClasificadora=000409&codPeriodo=202601&numArchivo=1&numVersion=1
2026 - MARZO,Seguros,Rímac Seguros,Apoyo y Asociados Internacionales,A+,10,https://extranet.sbs.gob.pe/iece/descargar?codClasificadora=000408&codPeriodo=202601&numArchivo=20&numVersion=1
2026 - MARZO,Seguros,Rímac Seguros,Moodys Local PE Clasificadora de Riesgo,A+,10,https://extranet.sbs.gob.pe/iece/descargar?codClasificadora=000406&codPeriodo=202601&numArchivo=12&numVersion=1
2026 - MARZO,Cooperativa de Ahorro y Crédito - Nivel 3,SAN CRISTOBAL HUAM,PCR (Pacific Credit Rating),C+,4,https://extranet.sbs.gob.pe/iece/descargar?codClasificadora=000409&codPeriodo=202601&numArchivo=4&numVersion=1
2026 - MARZO,Cooperativa de Ahorro y Crédito - Nivel 2 B,SAN ISIDRO,JCR Latino America,C+,4,https://extranet.sbs.gob.pe/iece/descargar?codClasificadora=001196&codPeriodo=202601&numArchivo=24&numVersion=1
2026 - MARZO,Cooperativa de Ahorro y Crédito - Nivel 3,SAN MARTIN DE PORRES,JCR Latino America,B,6,https://extranet.sbs.gob.pe/iece/descargar?codClasificadora=001196&codPeriodo=202601&numArchivo=18&numVersion=1
2026 - MARZO,Cooperativa de Ahorro y Crédito - Nivel 2 A,SAN MIGUEL LTDA,JCR Latino America,C,3,https://extranet.sbs.gob.pe/iece/descargar?codClasificadora=001196&codPeriodo=202601&numArchivo=25&numVersion=1
2026 - MARZO,Banco,SANTANDER PERU,Apoyo y Asociados Internacionales,A+,10,https://extranet.sbs.gob.pe/iece/descargar?codClasificadora=000408&codPeriodo=202601&numArchivo=26&numVersion=1
2026 - MARZO,Banco,SANTANDER PERU,Moodys Local PE Clasificadora de Riesgo,A+,10,https://extranet.sbs.gob.pe/iece/descargar?codClasificadora=000406&codPeriodo=202601&numArchivo=33&numVersion=1
2026 - MARZO,Banco,SCOTIABANK PERU,Apoyo y Asociados Internacionales,A+,10,https://extranet.sbs.gob.pe/iece/descargar?codClasificadora=000408&codPeriodo=202601&numArchivo=51&numVersion=1
2026 - MARZO,Banco,SCOTIABANK PERU,Moodys Local PE Clasificadora de Riesgo,A+,10,https://extranet.sbs.gob.pe/iece/descargar?codClasificadora=000406&codPeriodo=202601&numArchivo=32&numVersion=1
2026 - MARZO,Cooperativa de Ahorro y Crédito - Nivel 3,SN CRISTO DE BAGAZÁN,JCR Latino America,B,6,https://extranet.sbs.gob.pe/iece/descargar?codClasificadora=001196&codPeriodo=202601&numArchivo=17&numVersion=1
2026 - MARZO,Cooperativa de Ahorro y Crédito - Nivel 2 A,STA ISABEL PERUNORTE,Microrate,C,3,https://extranet.sbs.gob.pe/iece/descargar?codClasificadora=000410&codPeriodo=202601&numArchivo=7&numVersion=1
2026 - MARZO,Cooperativa de Ahorro y Crédito - Nivel 3,STA MA MAGDALENA,JCR Latino America,C+,4,https://extranet.sbs.gob.pe/iece/descargar?codClasificadora=001196&codPeriodo=202601&numArchivo=16&numVersion=1
2026 - MARZO,Empresa de Créditos,TOTAL SERVICIOS,PCR (Pacific Credit Rating),A-,8,https://extranet.sbs.gob.pe/iece/descargar?codClasificadora=000409&codPeriodo=202601&numArchivo=7&numVersion=1
2026 - MARZO,Seguros,Vivir Seguros,JCR Latino America,A-,8,https://extranet.sbs.gob.pe/iece/descargar?codClasificadora=001196&codPeriodo=202601&numArchivo=1&numVersion=1
2026 - MARZO,Seguros,Vivir Seguros,Moodys Local PE Clasificadora de Riesgo,A-,8,https://extranet.sbs.gob.pe/iece/descargar?codClasificadora=000406&codPeriodo=202601&numArchivo=14&numVersion=1
