Entidad,Periodo,Rating Real Num,Rating Predicho Num,Rating Real,Rating Predicho
ALFIN BANCO,2022 - MARZO,7.0,6.04,A,A-
ALFIN BANCO,2022 - SEPTIEMBRE,7.0,6.02,A,A-
ALFIN BANCO,2023 - MARZO,7.0,5.78,A,A-
ALFIN BANCO,2023 - SEPTIEMBRE,7.0,5.87,A,A-
ALFIN BANCO,2024 - MARZO,7.0,5.61,A,A-
ALFIN BANCO,2024 - SEPTIEMBRE,7.0,5.88,A,A-
ALFIN BANCO,2025 - MARZO,7.0,5.92,A,A-
ALFIN BANCO,2025 - SEPTIEMBRE,7.0,6.31,A,A-
ALFIN BANCO,2026 - MARZO,7.0,6.15,A,A-
BANBIF,2015 - MARZO,9.0,8.71,AA-,AA-
BANBIF,2015 - SEPTIEMBRE,9.0,7.93,AA-,A+
BANBIF,2016 - MARZO,9.0,8.26,AA-,A+
BANBIF,2016 - SEPTIEMBRE,9.0,8.23,AA-,A+
BANBIF,2017 - MARZO,9.0,8.52,AA-,AA-
BANBIF,2017 - SEPTIEMBRE,9.0,8.37,AA-,A+
BANBIF,2018 - MARZO,9.0,8.47,AA-,A+
BANBIF,2018 - SEPTIEMBRE,9.0,8.68,AA-,AA-
BANBIF,2019 - MARZO,9.0,8.63,AA-,AA-
BANBIF,2019 - SEPTIEMBRE,9.0,8.82,AA-,AA-
BANBIF,2020 - MARZO,9.0,8.5,AA-,AA-
BANBIF,2020 - SEPTIEMBRE,9.0,8.38,AA-,A+
BANBIF,2021 - MARZO,9.0,8.84,AA-,AA-
BANBIF,2021 - SEPTIEMBRE,9.0,8.94,AA-,AA-
BANBIF,2022 - MARZO,9.0,9.28,AA-,AA-
BANBIF,2022 - SEPTIEMBRE,9.0,9.19,AA-,AA-
BANBIF,2023 - MARZO,9.0,9.12,AA-,AA-
BANBIF,2023 - SEPTIEMBRE,9.0,9.07,AA-,AA-
BANBIF,2024 - MARZO,9.0,8.89,AA-,AA-
BANBIF,2024 - SEPTIEMBRE,9.0,8.63,AA-,AA-
BANBIF,2025 - MARZO,9.0,8.9,AA-,AA-
BANBIF,2025 - SEPTIEMBRE,9.0,9.14,AA-,AA-
BANBIF,2026 - MARZO,9.0,9.24,AA-,AA-
BANCO BCI,2022 - SEPTIEMBRE,9.0,6.94,AA-,A
BANCO BCI,2023 - MARZO,9.0,7.15,AA-,A
BANCO BCI,2023 - SEPTIEMBRE,9.0,7.52,AA-,A+
BANCO BCI,2024 - MARZO,9.0,7.16,AA-,A
BANCO BCI,2024 - SEPTIEMBRE,9.0,7.41,AA-,A
BANCO BCI,2025 - MARZO,9.0,8.09,AA-,A+
BANCO BCI,2025 - SEPTIEMBRE,9.0,8.45,AA-,A+
BANCO BCI,2026 - MARZO,9.0,8.51,AA-,AA-
BANCO DE CREDITO,2015 - MARZO,10.0,9.11,AA,AA-
BANCO DE CREDITO,2015 - SEPTIEMBRE,10.0,8.99,AA,AA-
BANCO DE CREDITO,2016 - MARZO,10.0,9.32,AA,AA-
BANCO DE CREDITO,2016 - SEPTIEMBRE,10.0,9.33,AA,AA-
BANCO DE CREDITO,2017 - MARZO,10.0,9.31,AA,AA-
BANCO DE CREDITO,2017 - SEPTIEMBRE,10.0,9.32,AA,AA-
BANCO DE CREDITO,2018 - MARZO,10.0,9.28,AA,AA-
BANCO DE CREDITO,2018 - SEPTIEMBRE,10.0,9.37,AA,AA-
BANCO DE CREDITO,2019 - MARZO,10.0,9.44,AA,AA-
BANCO DE CREDITO,2019 - SEPTIEMBRE,10.0,9.36,AA,AA-
BANCO DE CREDITO,2020 - MARZO,10.0,9.43,AA,AA-
BANCO DE CREDITO,2020 - SEPTIEMBRE,10.0,9.15,AA,AA-
BANCO DE CREDITO,2021 - MARZO,10.0,9.04,AA,AA-
BANCO DE CREDITO,2021 - SEPTIEMBRE,10.0,9.52,AA,AA
BANCO DE CREDITO,2022 - MARZO,10.0,9.38,AA,AA-
BANCO DE CREDITO,2022 - SEPTIEMBRE,10.0,9.44,AA,AA-
BANCO DE CREDITO,2023 - MARZO,10.0,8.98,AA,AA-
BANCO DE CREDITO,2023 - SEPTIEMBRE,10.0,7.54,AA,A+
BANCO DE CREDITO,2024 - MARZO,10.0,8.55,AA,AA-
BANCO DE CREDITO,2024 - SEPTIEMBRE,10.0,8.63,AA,AA-
BANCO DE CREDITO,2025 - MARZO,10.0,8.99,AA,AA-
BANCO DE CREDITO,2025 - SEPTIEMBRE,10.0,9.05,AA,AA-
BANCO DE CREDITO,2026 - MARZO,10.0,8.97,AA,AA-
BANCO FALABELLA,2015 - MARZO,8.0,6.7,A+,A
BANCO FALABELLA,2015 - SEPTIEMBRE,8.0,6.46,A+,A-
BANCO FALABELLA,2016 - MARZO,8.0,6.77,A+,A
BANCO FALABELLA,2016 - SEPTIEMBRE,8.0,6.89,A+,A
BANCO FALABELLA,2017 - MARZO,8.0,7.1,A+,A
BANCO FALABELLA,2017 - SEPTIEMBRE,8.0,7.69,A+,A+
BANCO FALABELLA,2018 - MARZO,8.0,7.58,A+,A+
BANCO FALABELLA,2018 - SEPTIEMBRE,8.0,6.71,A+,A
BANCO FALABELLA,2019 - MARZO,8.0,6.52,A+,A
BANCO FALABELLA,2019 - SEPTIEMBRE,8.0,6.42,A+,A-
BANCO FALABELLA,2020 - MARZO,8.0,6.4,A+,A-
BANCO FALABELLA,2020 - SEPTIEMBRE,8.0,6.06,A+,A-
BANCO FALABELLA,2021 - MARZO,8.0,6.39,A+,A-
BANCO FALABELLA,2021 - SEPTIEMBRE,8.0,6.67,A+,A
BANCO FALABELLA,2022 - MARZO,8.0,6.72,A+,A
BANCO FALABELLA,2022 - SEPTIEMBRE,8.0,6.54,A+,A
BANCO FALABELLA,2023 - MARZO,8.0,6.71,A+,A
BANCO FALABELLA,2023 - SEPTIEMBRE,8.0,7.29,A+,A
BANCO FALABELLA,2024 - MARZO,8.0,7.16,A+,A
BANCO FALABELLA,2024 - SEPTIEMBRE,8.0,7.38,A+,A
BANCO FALABELLA,2025 - MARZO,8.0,7.66,A+,A+
BANCO FALABELLA,2025 - SEPTIEMBRE,8.0,7.48,A+,A
BANCO FALABELLA,2026 - MARZO,8.0,6.76,A+,A
BANCO GNB,2015 - MARZO,9.0,9.3,AA-,AA-
BANCO GNB,2015 - SEPTIEMBRE,9.0,8.33,AA-,A+
BANCO GNB,2016 - MARZO,9.0,8.66,AA-,AA-
BANCO GNB,2016 - SEPTIEMBRE,9.0,8.61,AA-,AA-
BANCO GNB,2017 - MARZO,9.0,8.46,AA-,A+
BANCO GNB,2017 - SEPTIEMBRE,9.0,8.59,AA-,AA-
BANCO GNB,2018 - MARZO,9.0,9.08,AA-,AA-
BANCO GNB,2018 - SEPTIEMBRE,9.0,9.17,AA-,AA-
BANCO GNB,2019 - MARZO,9.0,8.89,AA-,AA-
BANCO GNB,2019 - SEPTIEMBRE,9.0,8.88,AA-,AA-
BANCO GNB,2020 - MARZO,9.0,8.72,AA-,AA-
BANCO GNB,2020 - SEPTIEMBRE,9.0,7.52,AA-,A+
BANCO GNB,2021 - MARZO,9.0,8.21,AA-,A+
BANCO GNB,2021 - SEPTIEMBRE,9.0,8.25,AA-,A+
BANCO GNB,2022 - MARZO,9.0,8.47,AA-,A+
BANCO GNB,2022 - SEPTIEMBRE,9.0,8.57,AA-,AA-
BANCO GNB,2023 - MARZO,9.0,8.23,AA-,A+
BANCO GNB,2023 - SEPTIEMBRE,9.0,8.53,AA-,AA-
BANCO GNB,2024 - MARZO,9.0,8.79,AA-,AA-
BANCO GNB,2024 - SEPTIEMBRE,9.0,8.74,AA-,AA-
BANCO GNB,2025 - MARZO,9.0,8.77,AA-,AA-
BANCO GNB,2025 - SEPTIEMBRE,9.0,8.69,AA-,AA-
BANCO GNB,2026 - MARZO,9.0,8.71,AA-,AA-
BANCO PICHINCHA,2019 - MARZO,8.0,8.25,A+,A+
BANCO PICHINCHA,2019 - SEPTIEMBRE,8.0,8.17,A+,A+
BANCO PICHINCHA,2020 - MARZO,8.0,7.66,A+,A+
BANCO PICHINCHA,2020 - SEPTIEMBRE,8.0,8.18,A+,A+
BANCO PICHINCHA,2021 - MARZO,8.0,7.35,A+,A
BANCO PICHINCHA,2021 - SEPTIEMBRE,8.0,7.14,A+,A
BANCO PICHINCHA,2022 - MARZO,8.0,7.21,A+,A
BANCO PICHINCHA,2022 - SEPTIEMBRE,8.0,7.14,A+,A
BANCO PICHINCHA,2023 - MARZO,8.0,6.99,A+,A
BANCO PICHINCHA,2023 - SEPTIEMBRE,8.0,6.86,A+,A
BANCO PICHINCHA,2024 - MARZO,8.0,7.18,A+,A
BANCO PICHINCHA,2024 - SEPTIEMBRE,8.0,7.27,A+,A
BANCO PICHINCHA,2025 - MARZO,8.0,7.5,A+,A
BANCO PICHINCHA,2025 - SEPTIEMBRE,8.0,7.68,A+,A+
BANCO PICHINCHA,2026 - MARZO,8.0,7.94,A+,A+
BANCO RIPLEY,2015 - MARZO,7.0,6.13,A,A-
BANCO RIPLEY,2015 - SEPTIEMBRE,7.0,6.31,A,A-
BANCO RIPLEY,2016 - MARZO,7.0,6.7,A,A
BANCO RIPLEY,2016 - SEPTIEMBRE,7.0,6.71,A,A
BANCO RIPLEY,2017 - MARZO,7.0,6.19,A,A-
BANCO RIPLEY,2017 - SEPTIEMBRE,7.0,6.08,A,A-
BANCO RIPLEY,2018 - MARZO,7.0,6.06,A,A-
BANCO RIPLEY,2018 - SEPTIEMBRE,7.0,6.04,A,A-
BANCO RIPLEY,2019 - MARZO,7.0,6.19,A,A-
BANCO RIPLEY,2019 - SEPTIEMBRE,7.0,6.14,A,A-
BANCO RIPLEY,2020 - MARZO,7.0,6.09,A,A-
BANCO RIPLEY,2020 - SEPTIEMBRE,7.0,5.16,A,BBB+
BANCO RIPLEY,2021 - MARZO,7.0,5.36,A,BBB+
BANCO RIPLEY,2021 - SEPTIEMBRE,7.0,5.22,A,BBB+
BANCO RIPLEY,2022 - MARZO,7.0,6.22,A,A-
BANCO RIPLEY,2022 - SEPTIEMBRE,7.0,6.34,A,A-
BANCO RIPLEY,2023 - MARZO,7.0,6.09,A,A-
BANCO RIPLEY,2023 - SEPTIEMBRE,7.0,5.82,A,A-
BANCO RIPLEY,2024 - MARZO,7.0,5.27,A,BBB+
BANCO RIPLEY,2024 - SEPTIEMBRE,7.0,5.75,A,A-
BANCO RIPLEY,2025 - MARZO,7.0,5.93,A,A-
BANCO RIPLEY,2025 - SEPTIEMBRE,7.0,6.17,A,A-
BANCO RIPLEY,2026 - MARZO,7.0,6.5,A,A
BANCOM,2023 - SEPTIEMBRE,7.0,6.34,A,A-
BANCOM,2024 - MARZO,7.0,6.49,A,A-
BANCOM,2024 - SEPTIEMBRE,7.0,6.31,A,A-
BANCOM,2025 - MARZO,7.0,6.41,A,A-
BANCOM,2025 - SEPTIEMBRE,7.0,6.43,A,A-
BANCOM,2026 - MARZO,7.0,6.55,A,A
BANK OF CHINA (PERU),2024 - SEPTIEMBRE,9.0,8.44,AA-,A+
BANK OF CHINA (PERU),2025 - MARZO,9.0,8.41,AA-,A+
BANK OF CHINA (PERU),2025 - SEPTIEMBRE,9.0,8.49,AA-,A+
BANK OF CHINA (PERU),2026 - MARZO,9.0,8.48,AA-,A+
BBVA,2015 - MARZO,10.0,9.87,AA,AA
BBVA,2015 - SEPTIEMBRE,10.0,9.06,AA,AA-
BBVA,2016 - MARZO,10.0,9.3,AA,AA-
BBVA,2016 - SEPTIEMBRE,10.0,9.48,AA,AA-
BBVA,2017 - MARZO,10.0,9.53,AA,AA
BBVA,2017 - SEPTIEMBRE,10.0,9.74,AA,AA
BBVA,2018 - MARZO,10.0,9.75,AA,AA
BBVA,2018 - SEPTIEMBRE,10.0,9.82,AA,AA
BBVA,2019 - SEPTIEMBRE,10.0,9.84,AA,AA
BBVA,2020 - MARZO,10.0,9.83,AA,AA
BBVA,2020 - SEPTIEMBRE,10.0,9.31,AA,AA-
BBVA,2021 - MARZO,10.0,9.17,AA,AA-
BBVA,2021 - SEPTIEMBRE,10.0,9.56,AA,AA
BBVA,2022 - MARZO,10.0,9.86,AA,AA
BBVA,2022 - SEPTIEMBRE,10.0,9.84,AA,AA
BBVA,2023 - MARZO,10.0,9.53,AA,AA
BBVA,2023 - SEPTIEMBRE,10.0,9.12,AA,AA-
BBVA,2024 - MARZO,10.0,8.98,AA,AA-
BBVA,2024 - SEPTIEMBRE,10.0,8.9,AA,AA-
BBVA,2025 - MARZO,10.0,9.23,AA,AA-
BBVA,2025 - SEPTIEMBRE,10.0,9.48,AA,AA-
BBVA,2026 - MARZO,10.0,9.67,AA,AA
BN. SANTANDER CONS.,2025 - SEPTIEMBRE,9.0,7.85,AA-,A+
BN. SANTANDER CONS.,2026 - MARZO,9.0,8.12,AA-,A+
CITIBANK DEL PERU,2015 - MARZO,10.0,9.3,AA,AA-
CITIBANK DEL PERU,2015 - SEPTIEMBRE,10.0,7.8,AA,A+
CITIBANK DEL PERU,2016 - MARZO,10.0,8.38,AA,A+
CITIBANK DEL PERU,2016 - SEPTIEMBRE,10.0,8.6,AA,AA-
CITIBANK DEL PERU,2017 - MARZO,10.0,8.92,AA,AA-
CITIBANK DEL PERU,2017 - SEPTIEMBRE,10.0,8.3,AA,A+
CITIBANK DEL PERU,2018 - MARZO,10.0,8.23,AA,A+
CITIBANK DEL PERU,2018 - SEPTIEMBRE,10.0,8.72,AA,AA-
CITIBANK DEL PERU,2019 - MARZO,10.0,8.9,AA,AA-
CITIBANK DEL PERU,2019 - SEPTIEMBRE,10.0,8.69,AA,AA-
CITIBANK DEL PERU,2020 - MARZO,10.0,8.67,AA,AA-
CITIBANK DEL PERU,2020 - SEPTIEMBRE,10.0,9.18,AA,AA-
CITIBANK DEL PERU,2021 - MARZO,10.0,9.5,AA,AA-
CITIBANK DEL PERU,2021 - SEPTIEMBRE,10.0,9.35,AA,AA-
CITIBANK DEL PERU,2022 - MARZO,10.0,8.97,AA,AA-
CITIBANK DEL PERU,2022 - SEPTIEMBRE,10.0,8.97,AA,AA-
CITIBANK DEL PERU,2023 - MARZO,10.0,9.44,AA,AA-
CITIBANK DEL PERU,2023 - SEPTIEMBRE,10.0,10.64,AA,AA+
CITIBANK DEL PERU,2024 - MARZO,10.0,8.78,AA,AA-
CITIBANK DEL PERU,2024 - SEPTIEMBRE,10.0,8.82,AA,AA-
CITIBANK DEL PERU,2025 - MARZO,10.0,8.87,AA,AA-
CITIBANK DEL PERU,2025 - SEPTIEMBRE,10.0,8.7,AA,AA-
CITIBANK DEL PERU,2026 - MARZO,10.0,8.54,AA,AA-
COMPARTAMOS BANCO,2025 - MARZO,8.0,6.99,A+,A
COMPARTAMOS BANCO,2025 - SEPTIEMBRE,8.0,7.65,A+,A+
COMPARTAMOS BANCO,2026 - MARZO,8.0,7.78,A+,A+
ICBC PERU BANK S.A.,2015 - MARZO,9.0,6.69,AA-,A
ICBC PERU BANK S.A.,2015 - SEPTIEMBRE,9.0,10.39,AA-,AA
ICBC PERU BANK S.A.,2016 - MARZO,9.0,8.22,AA-,A+
ICBC PERU BANK S.A.,2016 - SEPTIEMBRE,9.0,7.4,AA-,A
ICBC PERU BANK S.A.,2017 - MARZO,9.0,7.89,AA-,A+
ICBC PERU BANK S.A.,2017 - SEPTIEMBRE,9.0,8.05,AA-,A+
ICBC PERU BANK S.A.,2018 - MARZO,9.0,8.28,AA-,A+
ICBC PERU BANK S.A.,2018 - SEPTIEMBRE,9.0,8.28,AA-,A+
ICBC PERU BANK S.A.,2019 - MARZO,9.0,8.41,AA-,A+
ICBC PERU BANK S.A.,2019 - SEPTIEMBRE,9.0,8.39,AA-,A+
ICBC PERU BANK S.A.,2020 - MARZO,9.0,8.5,AA-,AA-
ICBC PERU BANK S.A.,2020 - SEPTIEMBRE,9.0,8.71,AA-,AA-
ICBC PERU BANK S.A.,2021 - MARZO,9.0,9.02,AA-,AA-
ICBC PERU BANK S.A.,2021 - SEPTIEMBRE,9.0,9.38,AA-,AA-
ICBC PERU BANK S.A.,2022 - MARZO,9.0,9.11,AA-,AA-
ICBC PERU BANK S.A.,2022 - SEPTIEMBRE,9.0,9.22,AA-,AA-
ICBC PERU BANK S.A.,2023 - MARZO,9.0,8.79,AA-,AA-
ICBC PERU BANK S.A.,2023 - SEPTIEMBRE,9.0,8.44,AA-,A+
ICBC PERU BANK S.A.,2024 - MARZO,9.0,8.08,AA-,A+
ICBC PERU BANK S.A.,2024 - SEPTIEMBRE,9.0,8.14,AA-,A+
ICBC PERU BANK S.A.,2025 - MARZO,9.0,7.89,AA-,A+
ICBC PERU BANK S.A.,2025 - SEPTIEMBRE,9.0,8.05,AA-,A+
ICBC PERU BANK S.A.,2026 - MARZO,9.0,8.19,AA-,A+
INTERBANK,2021 - MARZO,10.0,8.62,AA,AA-
INTERBANK,2021 - SEPTIEMBRE,10.0,9.12,AA,AA-
INTERBANK,2022 - MARZO,10.0,9.44,AA,AA-
INTERBANK,2022 - SEPTIEMBRE,10.0,9.51,AA,AA
INTERBANK,2023 - MARZO,10.0,9.47,AA,AA-
INTERBANK,2023 - SEPTIEMBRE,10.0,9.16,AA,AA-
INTERBANK,2024 - MARZO,10.0,8.65,AA,AA-
INTERBANK,2024 - SEPTIEMBRE,10.0,8.78,AA,AA-
INTERBANK,2025 - MARZO,10.0,9.15,AA,AA-
INTERBANK,2025 - SEPTIEMBRE,10.0,9.34,AA,AA-
INTERBANK,2026 - MARZO,10.0,9.13,AA,AA-
MIBANCO,2015 - MARZO,9.0,7.24,AA-,A
MIBANCO,2015 - SEPTIEMBRE,9.0,7.2,AA-,A
MIBANCO,2016 - MARZO,9.0,7.04,AA-,A
MIBANCO,2016 - SEPTIEMBRE,9.0,7.17,AA-,A
MIBANCO,2017 - MARZO,9.0,7.36,AA-,A
MIBANCO,2017 - SEPTIEMBRE,9.0,7.48,AA-,A
MIBANCO,2018 - MARZO,9.0,7.6,AA-,A+
MIBANCO,2018 - SEPTIEMBRE,9.0,7.7,AA-,A+
MIBANCO,2019 - MARZO,9.0,7.48,AA-,A
MIBANCO,2019 - SEPTIEMBRE,9.0,7.35,AA-,A
MIBANCO,2020 - MARZO,9.0,7.39,AA-,A
MIBANCO,2020 - SEPTIEMBRE,9.0,7.3,AA-,A
MIBANCO,2021 - MARZO,9.0,8.07,AA-,A+
MIBANCO,2021 - SEPTIEMBRE,9.0,7.91,AA-,A+
MIBANCO,2022 - MARZO,9.0,7.89,AA-,A+
MIBANCO,2022 - SEPTIEMBRE,9.0,7.91,AA-,A+
MIBANCO,2023 - MARZO,9.0,7.12,AA-,A
MIBANCO,2023 - SEPTIEMBRE,9.0,7.61,AA-,A+
MIBANCO,2024 - MARZO,9.0,7.87,AA-,A+
MIBANCO,2024 - SEPTIEMBRE,9.0,7.79,AA-,A+
MIBANCO,2025 - MARZO,9.0,7.22,AA-,A
MIBANCO,2025 - SEPTIEMBRE,9.0,7.17,AA-,A
MIBANCO,2026 - MARZO,9.0,7.24,AA-,A
SANTANDER PERU,2015 - MARZO,10.0,8.37,AA,A+
SANTANDER PERU,2015 - SEPTIEMBRE,10.0,8.93,AA,AA-
SANTANDER PERU,2016 - MARZO,10.0,8.9,AA,AA-
SANTANDER PERU,2016 - SEPTIEMBRE,10.0,8.62,AA,AA-
SANTANDER PERU,2017 - MARZO,10.0,8.83,AA,AA-
SANTANDER PERU,2017 - SEPTIEMBRE,10.0,8.57,AA,AA-
SANTANDER PERU,2018 - MARZO,10.0,8.47,AA,A+
SANTANDER PERU,2018 - SEPTIEMBRE,10.0,8.73,AA,AA-
SANTANDER PERU,2019 - MARZO,10.0,9.01,AA,AA-
SANTANDER PERU,2019 - SEPTIEMBRE,10.0,9.24,AA,AA-
SANTANDER PERU,2020 - MARZO,10.0,8.96,AA,AA-
SANTANDER PERU,2020 - SEPTIEMBRE,10.0,9.35,AA,AA-
SANTANDER PERU,2021 - MARZO,10.0,9.71,AA,AA
SANTANDER PERU,2021 - SEPTIEMBRE,10.0,9.4,AA,AA-
SANTANDER PERU,2022 - MARZO,10.0,9.25,AA,AA-
SANTANDER PERU,2022 - SEPTIEMBRE,10.0,9.61,AA,AA
SANTANDER PERU,2023 - MARZO,10.0,9.03,AA,AA-
SANTANDER PERU,2023 - SEPTIEMBRE,10.0,8.81,AA,AA-
SANTANDER PERU,2024 - MARZO,10.0,9.0,AA,AA-
SANTANDER PERU,2024 - SEPTIEMBRE,10.0,9.04,AA,AA-
SANTANDER PERU,2025 - MARZO,10.0,9.25,AA,AA-
SANTANDER PERU,2025 - SEPTIEMBRE,10.0,9.54,AA,AA
SANTANDER PERU,2026 - MARZO,10.0,8.65,AA,AA-
SCOTIABANK PERU,2017 - MARZO,10.0,9.16,AA,AA-
SCOTIABANK PERU,2017 - SEPTIEMBRE,10.0,9.18,AA,AA-
SCOTIABANK PERU,2018 - MARZO,10.0,9.01,AA,AA-
SCOTIABANK PERU,2018 - SEPTIEMBRE,10.0,9.08,AA,AA-
SCOTIABANK PERU,2019 - MARZO,10.0,9.03,AA,AA-
SCOTIABANK PERU,2019 - SEPTIEMBRE,10.0,9.16,AA,AA-
SCOTIABANK PERU,2020 - MARZO,10.0,9.19,AA,AA-
SCOTIABANK PERU,2020 - SEPTIEMBRE,10.0,9.0,AA,AA-
SCOTIABANK PERU,2021 - MARZO,10.0,9.02,AA,AA-
SCOTIABANK PERU,2021 - SEPTIEMBRE,10.0,9.16,AA,AA-
SCOTIABANK PERU,2022 - MARZO,10.0,9.36,AA,AA-
SCOTIABANK PERU,2022 - SEPTIEMBRE,10.0,9.58,AA,AA
SCOTIABANK PERU,2023 - MARZO,10.0,9.27,AA,AA-
SCOTIABANK PERU,2023 - SEPTIEMBRE,10.0,8.98,AA,AA-
SCOTIABANK PERU,2024 - MARZO,10.0,8.51,AA,AA-
SCOTIABANK PERU,2024 - SEPTIEMBRE,10.0,8.36,AA,A+
SCOTIABANK PERU,2025 - MARZO,10.0,8.75,AA,AA-
SCOTIABANK PERU,2025 - SEPTIEMBRE,10.0,8.88,AA,AA-
SCOTIABANK PERU,2026 - MARZO,10.0,8.98,AA,AA-
EMP.CRED.SANTANDER,2025 - SEPTIEMBRE,8.0,7.85,A+,A+
EMP.CRED.SANTANDER,2026 - MARZO,8.0,8.12,A+,A+
